,dataextractdate,reportperiod,arrival_departure,domestic_international,flighttype,passenger_count
0,2021-05-03T15:08:02.000,2021-03-01T00:00:00.000,Arrival,Domestic,Scheduled Carriers,1128607
1,2021-08-01T00:00:23.000,2021-05-01T00:00:00.000,Departure,International,Scheduled Carriers,299659
2,2021-08-01T00:00:23.000,2021-06-01T00:00:00.000,Departure,Domestic,Charter,753
3,2021-04-10T06:01:03.000,2021-03-01T00:00:00.000,Departure,Domestic,Charter,342
4,2021-04-10T06:01:03.000,2021-03-01T00:00:00.000,Arrival,Domestic,Charter,199
5,2021-08-01T00:00:23.000,2021-06-01T00:00:00.000,Arrival,International,Scheduled Carriers,366392
6,2021-08-01T00:00:23.000,2021-06-01T00:00:00.000,Departure,International,Charter,0
7,2021-05-03T15:08:02.000,2021-03-01T00:00:00.000,Departure,Domestic,Scheduled Carriers,1137239
8,2021-05-27T15:16:34.000,2021-04-01T00:00:00.000,Departure,Domestic,Scheduled Carriers,1323446
9,2021-05-27T15:16:34.000,2021-04-01T00:00:00.000,Arrival,Domestic,Scheduled Carriers,1326190
10,2021-05-10T06:01:09.000,2021-04-01T00:00:00.000,Departure,Domestic,Charter,674
11,2021-08-01T00:00:23.000,2021-06-01T00:00:00.000,Arrival,International,Charter,11
12,2021-08-01T00:00:23.000,2021-06-01T00:00:00.000,Departure,International,Scheduled Carriers,395086
13,2021-08-01T00:00:23.000,2021-06-01T00:00:00.000,Arrival,Domestic,Charter,656
14,2021-05-10T06:01:09.000,2021-04-01T00:00:00.000,Arrival,Domestic,Charter,405
15,2021-08-01T00:00:23.000,2021-06-01T00:00:00.000,Arrival,Domestic,Commuter,74
16,2020-12-10T06:01:38.000,2020-11-01T00:00:00.000,Arrival,International,Charter,6
17,2021-06-09T12:34:10.000,2021-05-01T00:00:00.000,Arrival,International,Charter,4
18,2021-06-11T12:35:47.000,2021-05-01T00:00:00.000,Departure,Domestic,Charter,883
19,2021-06-11T12:35:47.000,2020-11-01T00:00:00.000,Departure,International,Scheduled Carriers,170834
20,2021-06-11T12:35:47.000,2021-02-01T00:00:00.000,Departure,International,Scheduled Carriers,113193
21,2021-06-11T12:35:47.000,2020-09-01T00:00:00.000,Departure,International,Scheduled Carriers,127934
22,2020-09-28T16:07:45.000,2020-08-01T00:00:00.000,Departure,International,Charter,1464
23,2021-06-11T12:35:47.000,2020-10-01T00:00:00.000,Departure,International,Scheduled Carriers,156042
24,2021-06-11T12:35:47.000,2021-03-01T00:00:00.000,Arrival,International,Scheduled Carriers,169960
25,2022-06-01T00:00:23.000,2022-04-01T00:00:00.000,Departure,International,Scheduled Carriers,624711
26,2021-05-10T06:01:09.000,2021-04-01T00:00:00.000,Arrival,International,Charter,17
27,2021-06-11T12:35:47.000,2021-01-01T00:00:00.000,Departure,International,Scheduled Carriers,139549
28,2021-06-11T12:35:47.000,2021-01-01T00:00:00.000,Arrival,International,Scheduled Carriers,199463
29,2021-06-11T12:35:47.000,2020-10-01T00:00:00.000,Arrival,International,Scheduled Carriers,148999
30,2020-09-28T16:07:45.000,2020-08-01T00:00:00.000,Arrival,International,Charter,586
31,2020-08-27T07:15:54.000,2020-07-01T00:00:00.000,Departure,International,Charter,965
32,2021-06-11T12:35:47.000,2020-08-01T00:00:00.000,Departure,International,Scheduled Carriers,112459
33,2021-06-11T12:35:47.000,2020-12-01T00:00:00.000,Arrival,International,Scheduled Carriers,163191
34,2021-06-11T12:35:47.000,2020-11-01T00:00:00.000,Arrival,International,Scheduled Carriers,164266
35,2021-03-03T10:48:12.000,2021-01-01T00:00:00.000,Departure,International,Charter,160
36,2021-06-11T12:35:47.000,2021-03-01T00:00:00.000,Departure,International,Scheduled Carriers,176538
37,2021-03-03T10:48:12.000,2021-01-01T00:00:00.000,Arrival,International,Charter,26
38,2021-06-29T10:06:21.000,2021-05-01T00:00:00.000,Arrival,International,Scheduled Carriers,297353
39,2021-06-29T10:06:21.000,2021-05-01T00:00:00.000,Departure,Domestic,Scheduled Carriers,1725461
40,2020-08-27T07:15:54.000,2020-07-01T00:00:00.000,Arrival,International,Charter,193
41,2021-06-11T12:35:47.000,2021-05-01T00:00:00.000,Arrival,Domestic,Commuter,30
42,2021-03-10T06:01:08.000,2021-02-01T00:00:00.000,Arrival,International,Charter,8
43,2021-06-11T12:35:47.000,2020-07-01T00:00:00.000,Arrival,International,Scheduled Carriers,85003
44,2021-06-11T12:35:47.000,2021-04-01T00:00:00.000,Arrival,International,Scheduled Carriers,216529
45,2021-06-11T12:35:47.000,2020-08-01T00:00:00.000,Arrival,International,Scheduled Carriers,107978
46,2021-06-11T12:35:47.000,2021-02-01T00:00:00.000,Arrival,International,Scheduled Carriers,113188
47,2021-06-11T12:35:47.000,2020-12-01T00:00:00.000,Departure,International,Scheduled Carriers,200633
48,2021-06-11T12:35:47.000,2020-07-01T00:00:00.000,Departure,International,Scheduled Carriers,105620
49,2021-02-02T08:17:02.000,2020-12-01T00:00:00.000,Arrival,International,Charter,18
50,2021-06-11T12:35:47.000,2021-05-01T00:00:00.000,Arrival,Domestic,Charter,1039
51,2021-06-11T12:35:47.000,2021-04-01T00:00:00.000,Departure,International,Scheduled Carriers,207675
52,2020-12-07T13:58:36.000,2020-10-01T00:00:00.000,Arrival,International,Charter,10
53,2021-06-11T12:35:47.000,2020-09-01T00:00:00.000,Arrival,International,Scheduled Carriers,120748
54,2021-06-29T10:06:21.000,2021-05-01T00:00:00.000,Arrival,Domestic,Scheduled Carriers,1729633
55,2021-08-01T00:00:23.000,2021-06-01T00:00:00.000,Departure,Domestic,Scheduled Carriers,2085115
56,2021-08-01T00:00:23.000,2021-06-01T00:00:00.000,Arrival,Domestic,Scheduled Carriers,2039580
57,2021-08-01T00:00:23.000,2021-06-01T00:00:00.000,Departure,Domestic,Commuter,27
58,2021-08-10T06:01:10.000,2021-07-01T00:00:00.000,Departure,International,Charter,0
59,2021-08-30T11:09:52.000,2021-07-01T00:00:00.000,Departure,International,Scheduled Carriers,449304
60,2021-08-30T11:09:52.000,2021-07-01T00:00:00.000,Arrival,International,Scheduled Carriers,474559
61,2021-08-30T11:09:52.000,2021-07-01T00:00:00.000,Departure,Domestic,Scheduled Carriers,2318755
62,2021-08-30T11:09:52.000,2021-07-01T00:00:00.000,Arrival,Domestic,Scheduled Carriers,2317794
63,2021-08-10T06:01:10.000,2021-07-01T00:00:00.000,Departure,Domestic,Charter,549
64,2021-08-10T06:01:10.000,2021-07-01T00:00:00.000,Arrival,International,Charter,10
65,2021-08-30T11:09:52.000,2021-07-01T00:00:00.000,Arrival,Domestic,Charter,660
66,2021-08-30T11:09:52.000,2021-07-01T00:00:00.000,Departure,Domestic,Commuter,54
67,2021-08-30T11:09:52.000,2021-07-01T00:00:00.000,Arrival,Domestic,Commuter,54
68,2021-12-01T00:00:21.000,2021-10-01T00:00:00.000,Departure,Domestic,Scheduled Carriers,2028382
69,2021-12-01T00:00:21.000,2021-10-01T00:00:00.000,Arrival,International,Scheduled Carriers,393093
70,2022-06-01T00:00:23.000,2022-04-01T00:00:00.000,Arrival,Domestic,Charter,791
71,2021-12-01T00:00:21.000,2021-10-01T00:00:00.000,Departure,International,Charter,262
72,2021-12-01T00:00:21.000,2021-10-01T00:00:00.000,Departure,International,Scheduled Carriers,372338
73,2021-12-01T00:00:21.000,2021-10-01T00:00:00.000,Arrival,Domestic,Scheduled Carriers,2048874
74,2021-11-10T06:01:08.000,2021-10-01T00:00:00.000,Arrival,International,Charter,58
75,2022-03-01T00:00:19.000,2022-01-01T00:00:00.000,Departure,International,Scheduled Carriers,412342
76,2022-06-01T00:00:23.000,2022-04-01T00:00:00.000,Departure,Domestic,Scheduled Carriers,2091353
77,2022-06-01T00:00:23.000,2022-04-01T00:00:00.000,Arrival,Domestic,Scheduled Carriers,2095453
78,2022-06-01T00:00:23.000,2022-04-01T00:00:00.000,Departure,International,Charter,48
79,2023-06-01T00:01:10.000,2023-04-01T00:00:00.000,Arrival,Domestic,Scheduled Carriers,2138072
80,2023-06-01T00:01:10.000,2023-04-01T00:00:00.000,Departure,Domestic,Scheduled Carriers,2130593
81,2022-04-01T00:00:18.000,2022-02-01T00:00:00.000,Departure,Domestic,Scheduled Carriers,1624994
82,2022-04-01T00:00:18.000,2022-01-01T00:00:00.000,Departure,Domestic,Scheduled Carriers,1526037
83,2022-04-01T00:00:18.000,2022-01-01T00:00:00.000,Arrival,Domestic,Scheduled Carriers,1565284
84,2023-06-01T00:01:10.000,2023-04-01T00:00:00.000,Departure,International,Scheduled Carriers,852066
85,2022-03-10T06:01:10.000,2022-02-01T00:00:00.000,Departure,International,Charter,43
86,2022-04-01T00:00:18.000,2022-02-01T00:00:00.000,Departure,Domestic,Commuter,33
87,2022-04-01T00:00:18.000,2021-12-01T00:00:00.000,Departure,International,Scheduled Carriers,553121
88,2022-04-01T00:00:18.000,2022-02-01T00:00:00.000,Arrival,Domestic,Commuter,43
89,2022-04-01T00:00:18.000,2022-02-01T00:00:00.000,Departure,International,Scheduled Carriers,376246
90,2022-04-01T00:00:18.000,2022-02-01T00:00:00.000,Arrival,Domestic,Scheduled Carriers,1710335
91,2022-06-01T00:00:23.000,2022-04-01T00:00:00.000,Arrival,International,Charter,44
92,2022-06-01T00:00:23.000,2022-04-01T00:00:00.000,Departure,Domestic,Charter,685
93,2022-04-01T00:00:18.000,2021-12-01T00:00:00.000,Arrival,International,Scheduled Carriers,497925
94,2022-05-01T00:00:25.000,2022-02-01T00:00:00.000,Arrival,Domestic,Charter,776
95,2022-05-01T00:00:25.000,2022-03-01T00:00:00.000,Arrival,Domestic,Charter,971
96,2022-05-01T00:00:25.000,2021-11-01T00:00:00.000,Arrival,Domestic,Charter,985
97,2022-05-01T00:00:25.000,2022-03-01T00:00:00.000,Departure,International,Scheduled Carriers,544185
98,2022-05-01T00:00:25.000,2022-03-01T00:00:00.000,Arrival,Domestic,Scheduled Carriers,2051881
99,2022-05-01T00:00:25.000,2021-11-01T00:00:00.000,Departure,Domestic,Charter,903
100,2022-05-01T00:00:25.000,2021-12-01T00:00:00.000,Departure,Domestic,Charter,1058
101,2022-05-01T00:00:25.000,2021-10-01T00:00:00.000,Arrival,Domestic,Charter,2653
102,2022-05-01T00:00:25.000,2022-03-01T00:00:00.000,Departure,Domestic,Charter,1083
103,2022-05-01T00:00:25.000,2021-10-01T00:00:00.000,Departure,Domestic,Charter,2508
104,2022-05-01T00:00:25.000,2022-03-01T00:00:00.000,Departure,Domestic,Scheduled Carriers,2089295
105,2022-05-01T00:00:25.000,2021-12-01T00:00:00.000,Arrival,Domestic,Charter,1652
106,2022-05-01T00:00:25.000,2022-02-01T00:00:00.000,Departure,Domestic,Charter,651
107,2022-05-01T00:00:25.000,2022-01-01T00:00:00.000,Arrival,Domestic,Charter,1112
108,2022-05-01T00:00:25.000,2022-01-01T00:00:00.000,Departure,Domestic,Charter,486
109,2023-06-01T00:01:10.000,2023-03-01T00:00:00.000,Arrival,International,Scheduled Carriers,833473
110,2022-08-30T11:02:17.000,2022-06-01T00:00:00.000,Departure,International,Scheduled Carriers,854970
111,2022-08-30T11:02:17.000,2022-07-01T00:00:00.000,Arrival,Domestic,Scheduled Carriers,2267090
112,2022-09-01T00:00:54.000,2022-05-01T00:00:00.000,Departure,International,Scheduled Carriers,712347
113,2022-08-30T11:02:17.000,2021-08-01T00:00:00.000,Arrival,International,Scheduled Carriers,522222
114,2022-08-30T11:02:17.000,2022-07-01T00:00:00.000,Departure,Domestic,Charter,1105
115,2022-08-30T11:02:17.000,2021-08-01T00:00:00.000,Departure,International,Scheduled Carriers,396121
116,2022-08-30T11:02:17.000,2022-07-01T00:00:00.000,Departure,Domestic,Scheduled Carriers,2248254
117,2023-06-01T00:01:10.000,2023-04-01T00:00:00.000,Arrival,International,Charter,410
118,2022-08-30T11:02:17.000,2022-07-01T00:00:00.000,Arrival,Domestic,Charter,1060
119,2022-08-10T06:01:11.000,2022-07-01T00:00:00.000,Departure,International,Charter,38
120,2022-09-01T00:00:54.000,2022-07-01T00:00:00.000,Departure,International,Scheduled Carriers,889181
121,2022-08-10T06:01:11.000,2022-07-01T00:00:00.000,Arrival,International,Charter,84
122,2021-09-29T09:09:13.000,2021-08-01T00:00:00.000,Arrival,Domestic,Scheduled Carriers,2102089
123,2021-09-29T09:09:13.000,2021-08-01T00:00:00.000,Departure,Domestic,Scheduled Carriers,2111953
124,2022-01-01T00:00:11.000,2021-11-01T00:00:00.000,Arrival,Domestic,Scheduled Carriers,2022211
125,2021-09-10T06:01:13.000,2021-08-01T00:00:00.000,Departure,International,Charter,129
126,2021-09-29T09:09:13.000,2021-08-01T00:00:00.000,Departure,Domestic,Charter,1195
127,2021-09-29T09:09:13.000,2021-08-01T00:00:00.000,Arrival,International,Charter,235
128,2022-07-01T00:00:22.000,2022-05-01T00:00:00.000,Departure,International,Charter,180
129,2021-11-01T00:00:16.000,2021-09-01T00:00:00.000,Departure,Domestic,Charter,1604
130,2021-11-01T00:00:16.000,2021-09-01T00:00:00.000,Arrival,Domestic,Charter,1200
131,2021-11-01T00:00:16.000,2021-08-01T00:00:00.000,Arrival,Domestic,Charter,1264
132,2021-11-01T00:00:16.000,2021-09-01T00:00:00.000,Departure,International,Scheduled Carriers,349922
133,2021-11-01T00:00:16.000,2021-09-01T00:00:00.000,Departure,Domestic,Scheduled Carriers,1823966
134,2021-10-10T06:01:09.000,2021-09-01T00:00:00.000,Departure,International,Charter,42
135,2021-11-01T00:00:16.000,2021-09-01T00:00:00.000,Arrival,International,Scheduled Carriers,381223
136,2021-11-01T00:00:16.000,2021-09-01T00:00:00.000,Arrival,Domestic,Scheduled Carriers,1814120
137,2022-01-01T00:00:11.000,2021-11-01T00:00:00.000,Departure,Domestic,Scheduled Carriers,2027597
138,2022-01-01T00:00:11.000,2021-11-01T00:00:00.000,Departure,International,Charter,45
139,2022-01-01T00:00:11.000,2021-11-01T00:00:00.000,Departure,International,Scheduled Carriers,436178
140,2022-01-01T00:00:11.000,2021-11-01T00:00:00.000,Arrival,International,Scheduled Carriers,441058
141,2022-01-31T15:01:29.000,2021-12-01T00:00:00.000,Arrival,Domestic,Scheduled Carriers,2072774
142,2022-01-31T15:01:29.000,2021-12-01T00:00:00.000,Departure,Domestic,Scheduled Carriers,2066475
143,2022-07-01T00:00:22.000,2022-05-01T00:00:00.000,Arrival,International,Charter,56
144,2022-07-01T00:00:22.000,2022-05-01T00:00:00.000,Arrival,Domestic,Charter,1022
145,2022-01-31T15:01:29.000,2021-12-01T00:00:00.000,Departure,International,Charter,1763
146,2022-01-31T15:01:29.000,2021-12-01T00:00:00.000,Arrival,International,Charter,978
147,2022-07-01T00:00:22.000,2022-05-01T00:00:00.000,Departure,Domestic,Charter,921
148,2022-07-28T09:31:00.000,2022-05-01T00:00:00.000,Departure,Domestic,Scheduled Carriers,2220887
149,2022-07-10T06:01:12.000,2022-06-01T00:00:00.000,Departure,International,Charter,72
150,2022-07-28T09:31:00.000,2022-06-01T00:00:00.000,Departure,Domestic,Charter,445
151,2022-07-28T09:31:00.000,2022-06-01T00:00:00.000,Arrival,Domestic,Charter,419
152,2023-06-01T00:01:10.000,2023-04-01T00:00:00.000,Departure,International,Charter,311
153,2022-07-28T09:31:00.000,2022-06-01T00:00:00.000,Arrival,Domestic,Scheduled Carriers,2253996
154,2023-06-01T00:01:10.000,2023-04-01T00:00:00.000,Arrival,Domestic,Charter,1592
155,2022-07-28T09:31:00.000,2022-05-01T00:00:00.000,Arrival,Domestic,Scheduled Carriers,2233067
156,2022-07-28T09:31:00.000,2022-06-01T00:00:00.000,Departure,Domestic,Scheduled Carriers,2241701
157,2018-04-18T15:12:41.000,2006-01-01T00:00:00.000,Departure,International,Scheduled Carriers,694117
158,2018-04-18T15:12:41.000,2006-01-01T00:00:00.000,Departure,Domestic,Charter,3450
159,2018-04-18T15:12:41.000,2006-01-01T00:00:00.000,Departure,International,Commuter,1125
160,2018-04-18T15:12:41.000,2006-01-01T00:00:00.000,Arrival,Domestic,Scheduled Carriers,1538812
161,2018-04-18T15:12:41.000,2006-01-01T00:00:00.000,Arrival,International,Commuter,1280
162,2018-04-18T15:12:41.000,2006-01-01T00:00:00.000,Arrival,International,Scheduled Carriers,742810
163,2018-04-18T15:12:41.000,2006-01-01T00:00:00.000,Arrival,Domestic,Charter,2457
164,2018-04-18T15:12:41.000,2006-01-01T00:00:00.000,Arrival,International,Charter,332
165,2018-04-18T15:12:41.000,2006-01-01T00:00:00.000,Departure,Domestic,Scheduled Carriers,1492469
166,2018-04-18T15:12:41.000,2006-01-01T00:00:00.000,Arrival,Domestic,Commuter,139728
167,2018-04-18T15:12:41.000,2006-01-01T00:00:00.000,Departure,International,Charter,558
168,2018-04-18T15:12:41.000,2006-01-01T00:00:00.000,Departure,Domestic,Commuter,139021
169,2018-04-18T15:12:41.000,2006-10-01T00:00:00.000,Arrival,Domestic,Scheduled Carriers,1630224
170,2018-04-18T15:12:41.000,2014-04-01T00:00:00.000,Arrival,International,Charter,310
171,2018-04-18T15:12:41.000,2014-12-01T00:00:00.000,Departure,Domestic,Scheduled Carriers,2144299
172,2018-04-18T15:12:41.000,2011-01-01T00:00:00.000,Departure,Domestic,Scheduled Carriers,1576778
173,2018-04-18T15:12:41.000,2013-07-01T00:00:00.000,Departure,International,Commuter,0
174,2018-04-18T15:12:41.000,2007-10-01T00:00:00.000,Arrival,Domestic,Scheduled Carriers,1690216
175,2018-10-29T10:20:51.000,2018-08-01T00:00:00.000,Arrival,International,Scheduled Carriers,1287138
176,2021-03-10T06:01:08.000,2021-02-01T00:00:00.000,Departure,Domestic,Charter,134
177,2018-04-18T15:12:41.000,2006-12-01T00:00:00.000,Arrival,Domestic,Commuter,166309
178,2018-04-18T15:12:41.000,2009-12-01T00:00:00.000,Arrival,Domestic,Scheduled Carriers,1691926
179,2018-04-18T15:12:41.000,2007-01-01T00:00:00.000,Departure,Domestic,Charter,2909
180,2018-07-11T14:24:22.000,2018-05-01T00:00:00.000,Arrival,Domestic,Charter,149
181,2018-04-18T15:12:41.000,2011-01-01T00:00:00.000,Arrival,Domestic,Commuter,65467
182,2018-04-18T15:12:41.000,2016-08-01T00:00:00.000,Departure,International,Scheduled Carriers,1093414
183,2018-04-18T15:12:41.000,2011-04-01T00:00:00.000,Arrival,International,Scheduled Carriers,682812
184,2018-04-18T15:12:41.000,2007-04-01T00:00:00.000,Arrival,Domestic,Charter,1277
185,2020-08-03T07:35:04.000,2020-06-01T00:00:00.000,Departure,International,Scheduled Carriers,74411
186,2018-04-18T15:12:41.000,2015-04-01T00:00:00.000,Departure,Domestic,Scheduled Carriers,2178364
187,2018-04-18T15:12:41.000,2017-04-01T00:00:00.000,Departure,International,Scheduled Carriers,977543
188,2018-04-18T15:12:41.000,2011-01-01T00:00:00.000,Arrival,Domestic,Charter,857
189,2018-04-18T15:12:41.000,2014-02-01T00:00:00.000,Departure,International,Charter,54
190,2018-04-18T15:12:41.000,2006-03-01T00:00:00.000,Arrival,International,Scheduled Carriers,697527
191,2018-04-18T15:12:41.000,2014-09-01T00:00:00.000,Arrival,Domestic,Charter,630
192,2021-04-01T09:37:48.000,2021-02-01T00:00:00.000,Departure,Domestic,Scheduled Carriers,693318
193,2018-04-18T15:12:41.000,2015-07-01T00:00:00.000,Arrival,Domestic,Charter,212
194,2018-04-18T15:12:41.000,2013-06-01T00:00:00.000,Arrival,Domestic,Charter,453
195,2018-04-18T15:12:41.000,2014-07-01T00:00:00.000,Arrival,International,Charter,133
196,2018-04-18T15:12:41.000,2008-11-01T00:00:00.000,Departure,Domestic,Commuter,125393
197,2018-04-18T15:12:41.000,2010-04-01T00:00:00.000,Arrival,Domestic,Commuter,60343
198,2018-04-18T15:12:41.000,2014-07-01T00:00:00.000,Departure,Domestic,Scheduled Carriers,2454149
199,2018-04-18T15:12:41.000,2014-08-01T00:00:00.000,Departure,Domestic,Commuter,9567
200,2018-04-18T15:12:41.000,2007-10-01T00:00:00.000,Departure,Domestic,Charter,1208
201,2018-04-18T15:12:41.000,2008-06-01T00:00:00.000,Arrival,Domestic,Charter,1105
202,2018-04-18T15:12:41.000,2007-06-01T00:00:00.000,Arrival,Domestic,Commuter,165249
203,2023-06-01T00:01:10.000,2023-04-01T00:00:00.000,Departure,Domestic,Charter,1389
204,2018-04-18T15:12:41.000,2014-04-01T00:00:00.000,Departure,International,Scheduled Carriers,741210
205,2018-04-18T15:12:41.000,2014-09-01T00:00:00.000,Departure,Domestic,Scheduled Carriers,2016457
206,2018-04-18T15:12:41.000,2016-05-01T00:00:00.000,Arrival,International,Charter,232
207,2018-04-18T15:12:41.000,2013-09-01T00:00:00.000,Departure,Domestic,Scheduled Carriers,1883168
208,2018-04-18T15:12:41.000,2007-06-01T00:00:00.000,Departure,International,Scheduled Carriers,786884
209,2018-04-18T15:12:41.000,2006-12-01T00:00:00.000,Departure,Domestic,Charter,919
210,2018-04-18T15:12:41.000,2007-05-01T00:00:00.000,Arrival,International,Commuter,4471
211,2018-04-18T15:12:41.000,2014-02-01T00:00:00.000,Departure,Domestic,Charter,731
212,2018-04-18T15:12:41.000,2011-07-01T00:00:00.000,Departure,International,Scheduled Carriers,811488
213,2018-04-18T15:12:41.000,2007-06-01T00:00:00.000,Departure,Domestic,Scheduled Carriers,1908512
214,2018-04-18T15:12:41.000,2006-11-01T00:00:00.000,Departure,International,Charter,172
215,2018-04-18T15:12:41.000,2007-12-01T00:00:00.000,Arrival,Domestic,Charter,2600
216,2020-04-29T07:14:24.000,2020-03-01T00:00:00.000,Arrival,Domestic,Commuter,128
217,2020-08-03T07:35:04.000,2020-06-01T00:00:00.000,Departure,Domestic,Scheduled Carriers,454927
218,2018-04-18T15:12:41.000,2007-09-01T00:00:00.000,Arrival,International,Scheduled Carriers,686584
219,2018-04-18T15:12:41.000,2006-05-01T00:00:00.000,Arrival,International,Commuter,1477
220,2018-04-18T15:12:41.000,2008-12-01T00:00:00.000,Departure,International,Scheduled Carriers,651688
221,2020-07-10T06:01:26.000,2020-04-01T00:00:00.000,Arrival,Domestic,Charter,63
222,2018-04-18T15:12:41.000,2017-03-01T00:00:00.000,Arrival,Domestic,Scheduled Carriers,2436811
223,2018-04-18T15:12:41.000,2013-08-01T00:00:00.000,Arrival,Domestic,Scheduled Carriers,2229453
224,2018-04-18T15:12:41.000,2010-10-01T00:00:00.000,Arrival,Domestic,Scheduled Carriers,1766133
225,2021-01-10T06:01:37.000,2020-11-01T00:00:00.000,Arrival,Domestic,Scheduled Carriers,855015
226,2018-04-18T15:12:41.000,2013-01-01T00:00:00.000,Arrival,International,Scheduled Carriers,719404
227,2019-08-23T15:41:00.000,2019-07-01T00:00:00.000,Departure,International,Scheduled Carriers,1230046
228,2018-04-18T15:12:41.000,2016-02-01T00:00:00.000,Arrival,Domestic,Charter,911
229,2018-04-18T15:12:41.000,2006-08-01T00:00:00.000,Departure,Domestic,Charter,664
230,2018-04-18T15:12:41.000,2007-05-01T00:00:00.000,Arrival,Domestic,Commuter,165973
231,2018-04-18T15:12:41.000,2014-12-01T00:00:00.000,Departure,Domestic,Commuter,705
232,2018-04-18T15:12:41.000,2009-10-01T00:00:00.000,Arrival,International,Scheduled Carriers,608478
233,2020-12-07T13:58:36.000,2020-10-01T00:00:00.000,Arrival,Domestic,Scheduled Carriers,906795
234,2018-04-18T15:12:41.000,2016-10-01T00:00:00.000,Departure,Domestic,Charter,1046
235,2018-04-18T15:12:41.000,2006-09-01T00:00:00.000,Arrival,International,Commuter,1061
236,2018-04-18T15:12:41.000,2007-12-01T00:00:00.000,Arrival,International,Commuter,4531
237,2018-04-18T15:12:41.000,2011-08-01T00:00:00.000,Departure,International,Scheduled Carriers,774166
238,2018-04-18T15:12:41.000,2014-10-01T00:00:00.000,Arrival,Domestic,Charter,1715
239,2020-01-22T06:57:11.000,2019-11-01T00:00:00.000,Departure,Domestic,Charter,653
240,2018-04-18T15:12:41.000,2008-08-01T00:00:00.000,Departure,Domestic,Commuter,153447
241,2018-04-18T15:12:41.000,2008-08-01T00:00:00.000,Departure,International,Charter,417
242,2018-04-18T15:12:41.000,2012-02-01T00:00:00.000,Arrival,Domestic,Charter,584
243,2018-04-18T15:12:41.000,2010-07-01T00:00:00.000,Departure,International,Scheduled Carriers,761545
244,2018-04-18T15:12:41.000,2009-07-01T00:00:00.000,Arrival,International,Scheduled Carriers,749620
245,2018-04-18T15:12:41.000,2007-12-01T00:00:00.000,Departure,Domestic,Scheduled Carriers,1701450
246,2018-04-18T15:12:41.000,2009-07-01T00:00:00.000,Arrival,Domestic,Charter,204
247,2018-04-18T15:12:41.000,2013-10-01T00:00:00.000,Departure,International,Scheduled Carriers,764143
248,2018-04-18T15:12:41.000,2017-07-01T00:00:00.000,Departure,Domestic,Charter,803
249,2018-04-18T15:12:41.000,2012-04-01T00:00:00.000,Arrival,Domestic,Scheduled Carriers,1752952
250,2018-04-18T15:12:41.000,2014-06-01T00:00:00.000,Arrival,International,Scheduled Carriers,856290
251,2020-09-28T16:07:45.000,2020-08-01T00:00:00.000,Departure,Domestic,Scheduled Carriers,740599
252,2020-10-27T08:53:01.000,2020-09-01T00:00:00.000,Departure,Domestic,Scheduled Carriers,752076
253,2018-04-18T15:12:41.000,2016-06-01T00:00:00.000,Departure,International,Scheduled Carriers,1069262
254,2018-04-18T15:12:41.000,2010-08-01T00:00:00.000,Arrival,Domestic,Charter,646
255,2018-04-18T15:12:41.000,2011-11-01T00:00:00.000,Arrival,International,Charter,2
256,2018-04-18T15:12:41.000,2008-02-01T00:00:00.000,Departure,International,Commuter,5448
257,2018-04-18T15:12:41.000,2015-07-01T00:00:00.000,Arrival,International,Scheduled Carriers,1073968
258,2018-04-18T15:12:41.000,2008-05-01T00:00:00.000,Departure,Domestic,Charter,348
259,2018-04-18T15:12:41.000,2012-04-01T00:00:00.000,Departure,Domestic,Scheduled Carriers,1759693
260,2019-04-29T13:10:30.000,2019-02-01T00:00:00.000,Arrival,International,Charter,3
261,2018-04-18T15:12:41.000,2014-03-01T00:00:00.000,Arrival,Domestic,Commuter,26687
262,2018-04-18T15:12:41.000,2012-05-01T00:00:00.000,Arrival,Domestic,Scheduled Carriers,1854765
263,2018-04-18T15:12:41.000,2012-01-01T00:00:00.000,Departure,International,Scheduled Carriers,695091
264,2018-04-18T15:12:41.000,2007-12-01T00:00:00.000,Arrival,Domestic,Commuter,174755
265,2018-04-18T15:12:41.000,2016-01-01T00:00:00.000,Departure,International,Charter,324
266,2018-04-18T15:12:41.000,2006-07-01T00:00:00.000,Arrival,International,Charter,280
267,2018-04-18T15:12:41.000,2013-11-01T00:00:00.000,Departure,International,Commuter,0
268,2018-04-18T15:12:41.000,2009-07-01T00:00:00.000,Departure,Domestic,Scheduled Carriers,2015898
269,2018-04-18T15:12:41.000,2007-07-01T00:00:00.000,Arrival,International,Charter,2
270,2018-04-18T15:12:41.000,2008-05-01T00:00:00.000,Arrival,Domestic,Scheduled Carriers,1752533
271,2018-04-18T15:12:41.000,2008-05-01T00:00:00.000,Arrival,International,Charter,207
272,2018-04-18T15:12:41.000,2017-10-01T00:00:00.000,Departure,Domestic,Commuter,73
273,2018-04-18T15:12:41.000,2013-03-01T00:00:00.000,Departure,Domestic,Scheduled Carriers,2067777
274,2018-04-18T15:12:41.000,2008-07-01T00:00:00.000,Arrival,Domestic,Charter,799
275,2018-04-18T15:12:41.000,2016-01-01T00:00:00.000,Arrival,Domestic,Charter,1003
276,2018-04-18T15:12:41.000,2006-09-01T00:00:00.000,Departure,Domestic,Scheduled Carriers,1522862
277,2018-04-18T15:12:41.000,2011-05-01T00:00:00.000,Departure,International,Charter,43
278,2018-04-18T15:12:41.000,2010-11-01T00:00:00.000,Departure,International,Charter,154
279,2018-04-18T15:12:41.000,2010-07-01T00:00:00.000,Departure,Domestic,Scheduled Carriers,1991728
280,2018-04-18T15:12:41.000,2011-11-01T00:00:00.000,Arrival,Domestic,Commuter,131472
281,2018-04-18T15:12:41.000,2013-04-01T00:00:00.000,Arrival,International,Commuter,0
282,2019-08-23T15:41:00.000,2019-07-01T00:00:00.000,Departure,Domestic,Charter,56
283,2019-01-30T07:34:09.000,2018-12-01T00:00:00.000,Departure,Domestic,Scheduled Carriers,2567103
284,2018-04-18T15:12:41.000,2012-07-01T00:00:00.000,Departure,Domestic,Commuter,76578
285,2018-04-18T15:12:41.000,2008-02-01T00:00:00.000,Departure,International,Scheduled Carriers,616318
286,2018-04-18T15:12:41.000,2010-06-01T00:00:00.000,Arrival,International,Charter,1138
287,2018-04-18T15:12:41.000,2013-09-01T00:00:00.000,Arrival,International,Scheduled Carriers,754459
288,2018-04-18T15:12:41.000,2014-05-01T00:00:00.000,Arrival,International,Charter,6
289,2018-04-18T15:12:41.000,2013-05-01T00:00:00.000,Departure,Domestic,Commuter,19783
290,2018-04-18T15:12:41.000,2006-07-01T00:00:00.000,Departure,International,Commuter,1589
291,2018-04-18T15:12:41.000,2008-11-01T00:00:00.000,Departure,Domestic,Charter,764
292,2020-04-08T09:58:08.000,2020-02-01T00:00:00.000,Arrival,International,Scheduled Carriers,790475
293,2018-04-18T15:12:41.000,2009-11-01T00:00:00.000,Arrival,Domestic,Scheduled Carriers,1567031
294,2018-04-18T15:12:41.000,2009-03-01T00:00:00.000,Arrival,International,Scheduled Carriers,598236
295,2018-04-18T15:12:41.000,2011-06-01T00:00:00.000,Departure,Domestic,Charter,92
296,2018-04-18T15:12:41.000,2017-08-01T00:00:00.000,Arrival,International,Charter,3
297,2018-04-18T15:12:41.000,2018-03-01T00:00:00.000,Arrival,Domestic,Scheduled Carriers,2531362
298,2020-06-29T07:20:39.000,2020-05-01T00:00:00.000,Arrival,Domestic,Scheduled Carriers,259172
299,2018-04-18T15:12:41.000,2008-01-01T00:00:00.000,Departure,International,Scheduled Carriers,707146
300,2018-04-18T15:12:41.000,2014-11-01T00:00:00.000,Departure,International,Commuter,0
301,2018-04-18T15:12:41.000,2013-01-01T00:00:00.000,Departure,Domestic,Commuter,24085
302,2018-04-18T15:12:41.000,2017-12-01T00:00:00.000,Arrival,Domestic,Scheduled Carriers,2487105
303,2018-04-18T15:12:41.000,2016-11-01T00:00:00.000,Arrival,International,Charter,4
304,2019-11-26T13:26:41.000,2019-10-01T00:00:00.000,Departure,Domestic,Charter,404
305,2018-10-29T10:20:51.000,2017-09-01T00:00:00.000,Arrival,International,Scheduled Carriers,1036963
306,2018-04-18T15:12:41.000,2006-11-01T00:00:00.000,Arrival,Domestic,Commuter,160948
307,2019-03-22T10:49:20.000,2018-01-01T00:00:00.000,Arrival,International,Scheduled Carriers,1078421
308,2018-04-18T15:12:41.000,2014-11-01T00:00:00.000,Departure,Domestic,Scheduled Carriers,1977318
309,2018-04-18T15:12:41.000,2008-07-01T00:00:00.000,Departure,International,Commuter,5591
310,2019-08-23T15:41:00.000,2019-07-01T00:00:00.000,Arrival,Domestic,Charter,312
311,2019-03-22T10:49:20.000,2018-01-01T00:00:00.000,Departure,International,Scheduled Carriers,1001623
312,2018-04-18T15:12:41.000,2008-09-01T00:00:00.000,Departure,Domestic,Commuter,136486
313,2018-04-18T15:12:41.000,2015-12-01T00:00:00.000,Departure,Domestic,Scheduled Carriers,2304599
314,2018-04-18T15:12:41.000,2012-05-01T00:00:00.000,Departure,International,Charter,103
315,2018-04-18T15:12:41.000,2008-09-01T00:00:00.000,Arrival,International,Scheduled Carriers,630725
316,2018-04-18T15:12:41.000,2012-02-01T00:00:00.000,Departure,International,Charter,374
317,2018-04-18T15:12:41.000,2012-08-01T00:00:00.000,Arrival,Domestic,Commuter,75819
318,2018-04-18T15:12:41.000,2012-01-01T00:00:00.000,Departure,Domestic,Scheduled Carriers,1676605
319,2020-01-02T10:43:42.000,2019-11-01T00:00:00.000,Arrival,Domestic,Scheduled Carriers,2393019
320,2018-04-18T15:12:41.000,2006-11-01T00:00:00.000,Departure,International,Commuter,1531
321,2018-04-18T15:12:41.000,2011-05-01T00:00:00.000,Departure,Domestic,Charter,212
322,2018-04-18T15:12:41.000,2012-03-01T00:00:00.000,Departure,Domestic,Commuter,136259
323,2018-04-18T15:12:41.000,2015-11-01T00:00:00.000,Departure,Domestic,Scheduled Carriers,2222106
324,2020-08-27T07:15:54.000,2020-07-01T00:00:00.000,Arrival,Domestic,Scheduled Carriers,665591
325,2018-04-18T15:12:41.000,2017-12-01T00:00:00.000,Departure,Domestic,Charter,1601
326,2018-04-18T15:12:41.000,2011-08-01T00:00:00.000,Arrival,Domestic,Charter,11
327,2018-04-18T15:12:41.000,2012-10-01T00:00:00.000,Departure,Domestic,Scheduled Carriers,1803655
328,2018-04-18T15:12:41.000,2007-11-01T00:00:00.000,Departure,Domestic,Commuter,151870
329,2020-06-29T07:20:39.000,2020-05-01T00:00:00.000,Arrival,International,Charter,65
330,2018-04-18T15:12:41.000,2007-02-01T00:00:00.000,Arrival,Domestic,Commuter,151408
331,2018-04-18T15:12:41.000,2010-01-01T00:00:00.000,Arrival,Domestic,Commuter,43512
332,2018-04-18T15:12:41.000,2009-01-01T00:00:00.000,Arrival,International,Commuter,4066
333,2018-04-18T15:12:41.000,2016-12-01T00:00:00.000,Departure,Domestic,Scheduled Carriers,2408764
334,2018-04-18T15:12:41.000,2006-04-01T00:00:00.000,Departure,Domestic,Commuter,154475
335,2018-04-18T15:12:41.000,2010-03-01T00:00:00.000,Departure,International,Scheduled Carriers,633698
336,2018-04-18T15:12:41.000,2012-07-01T00:00:00.000,Arrival,International,Scheduled Carriers,849387
337,2018-04-18T15:12:41.000,2014-11-01T00:00:00.000,Arrival,Domestic,Commuter,0
338,2018-04-18T15:12:41.000,2013-04-01T00:00:00.000,Departure,International,Scheduled Carriers,675389
339,2018-04-18T15:12:41.000,2009-02-01T00:00:00.000,Arrival,International,Commuter,4087
340,2018-04-18T15:12:41.000,2011-09-01T00:00:00.000,Arrival,Domestic,Scheduled Carriers,1674668
341,2018-04-18T15:12:41.000,2012-01-01T00:00:00.000,Departure,Domestic,Charter,4222
342,2018-04-18T15:12:41.000,2012-02-01T00:00:00.000,Arrival,International,Charter,223
343,2018-04-18T15:12:41.000,2009-02-01T00:00:00.000,Arrival,International,Charter,551
344,2018-04-18T15:12:41.000,2009-10-01T00:00:00.000,Arrival,Domestic,Scheduled Carriers,1704934
345,2019-03-01T11:09:59.000,2019-01-01T00:00:00.000,Departure,Domestic,Charter,2465
346,2018-04-18T15:12:41.000,2014-03-01T00:00:00.000,Arrival,International,Commuter,0
347,2018-04-18T15:12:41.000,2008-03-01T00:00:00.000,Arrival,Domestic,Commuter,154998
348,2018-04-18T15:12:41.000,2007-03-01T00:00:00.000,Arrival,International,Charter,462
349,2018-04-18T15:12:41.000,2013-10-01T00:00:00.000,Arrival,International,Charter,359
350,2018-04-18T15:12:41.000,2014-07-01T00:00:00.000,Departure,International,Charter,4
351,2019-04-29T13:10:30.000,2019-03-01T00:00:00.000,Arrival,Domestic,Scheduled Carriers,2628790
352,2018-04-18T15:12:41.000,2007-04-01T00:00:00.000,Arrival,Domestic,Commuter,165183
353,2018-04-18T15:12:41.000,2011-12-01T00:00:00.000,Departure,International,Scheduled Carriers,710367
354,2018-04-18T15:12:41.000,2006-12-01T00:00:00.000,Arrival,International,Commuter,1206
355,2018-04-18T15:12:41.000,2006-08-01T00:00:00.000,Departure,International,Scheduled Carriers,773930
356,2018-04-18T15:12:41.000,2008-08-01T00:00:00.000,Arrival,Domestic,Scheduled Carriers,1895660
357,2018-04-18T15:12:41.000,2008-09-01T00:00:00.000,Departure,Domestic,Charter,611
358,2018-04-18T15:12:41.000,2017-10-01T00:00:00.000,Arrival,Domestic,Commuter,71
359,2018-04-18T15:12:41.000,2016-11-01T00:00:00.000,Departure,Domestic,Scheduled Carriers,2362507
360,2018-04-18T15:12:41.000,2009-09-01T00:00:00.000,Departure,Domestic,Charter,942
361,2018-04-18T15:12:41.000,2017-02-01T00:00:00.000,Arrival,International,Charter,10
362,2018-04-18T15:12:41.000,2011-02-01T00:00:00.000,Arrival,Domestic,Charter,749
363,2018-04-18T15:12:41.000,2011-11-01T00:00:00.000,Departure,Domestic,Scheduled Carriers,1688540
364,2018-04-18T15:12:41.000,2011-01-01T00:00:00.000,Arrival,International,Charter,165
365,2018-04-18T15:12:41.000,2009-05-01T00:00:00.000,Departure,Domestic,Charter,516
366,2018-04-18T15:12:41.000,2014-04-01T00:00:00.000,Departure,Domestic,Charter,1178
367,2018-04-18T15:12:41.000,2008-11-01T00:00:00.000,Arrival,International,Scheduled Carriers,567420
368,2018-04-18T15:12:41.000,2014-10-01T00:00:00.000,Departure,Domestic,Scheduled Carriers,2134665
369,2018-04-18T15:12:41.000,2008-06-01T00:00:00.000,Arrival,International,Scheduled Carriers,723460
370,2020-04-08T09:58:08.000,2020-02-01T00:00:00.000,Arrival,Domestic,Scheduled Carriers,2130094
371,2018-04-18T15:12:41.000,2013-04-01T00:00:00.000,Departure,Domestic,Commuter,19299
372,2018-04-18T15:12:41.000,2007-10-01T00:00:00.000,Departure,International,Scheduled Carriers,706707
373,2018-04-18T15:12:41.000,2010-10-01T00:00:00.000,Arrival,Domestic,Commuter,73670
374,2018-04-18T15:12:41.000,2011-09-01T00:00:00.000,Arrival,International,Scheduled Carriers,687346
375,2018-04-18T15:12:41.000,2009-06-01T00:00:00.000,Arrival,International,Commuter,4742
376,2018-04-18T15:12:41.000,2014-02-01T00:00:00.000,Departure,International,Commuter,0
377,2018-04-18T15:12:41.000,2006-03-01T00:00:00.000,Arrival,Domestic,Scheduled Carriers,1671699
378,2018-04-18T15:12:41.000,2013-08-01T00:00:00.000,Arrival,International,Charter,794
379,2018-04-18T15:12:41.000,2015-11-01T00:00:00.000,Departure,Domestic,Charter,1273
380,2019-07-18T06:18:08.000,2019-06-01T00:00:00.000,Arrival,Domestic,Scheduled Carriers,2791163
381,2018-04-18T15:12:41.000,2013-09-01T00:00:00.000,Departure,International,Charter,544
382,2018-04-18T15:12:41.000,2014-05-01T00:00:00.000,Departure,Domestic,Scheduled Carriers,2184463
383,2018-04-18T15:12:41.000,2014-01-01T00:00:00.000,Arrival,Domestic,Commuter,25327
384,2018-04-18T15:12:41.000,2015-03-01T00:00:00.000,Departure,Domestic,Scheduled Carriers,2285936
385,2018-04-18T15:12:41.000,2008-10-01T00:00:00.000,Arrival,Domestic,Scheduled Carriers,1563658
386,2018-04-18T15:12:41.000,2012-11-01T00:00:00.000,Arrival,International,Charter,235
387,2018-04-18T15:12:41.000,2014-04-01T00:00:00.000,Arrival,Domestic,Scheduled Carriers,2102847
388,2018-04-18T15:12:41.000,2013-02-01T00:00:00.000,Departure,Domestic,Commuter,20698
389,2018-10-29T10:20:51.000,2017-04-01T00:00:00.000,Arrival,International,Scheduled Carriers,1038980
390,2018-04-18T15:12:41.000,2018-02-01T00:00:00.000,Departure,International,Scheduled Carriers,896081
391,2018-04-18T15:12:41.000,2008-01-01T00:00:00.000,Departure,International,Commuter,4447
392,2018-04-18T15:12:41.000,2008-10-01T00:00:00.000,Arrival,International,Scheduled Carriers,607080
393,2018-04-18T15:12:41.000,2012-05-01T00:00:00.000,Arrival,Domestic,Commuter,139831
394,2018-04-18T15:12:41.000,2015-12-01T00:00:00.000,Arrival,International,Scheduled Carriers,846512
395,2018-04-18T15:12:41.000,2012-06-01T00:00:00.000,Arrival,Domestic,Scheduled Carriers,1937884
396,2018-04-18T15:12:41.000,2015-04-01T00:00:00.000,Departure,Domestic,Commuter,56
397,2018-04-18T15:12:41.000,2009-02-01T00:00:00.000,Departure,International,Scheduled Carriers,516641
398,2019-01-30T07:34:09.000,2018-11-01T00:00:00.000,Departure,Domestic,Charter,567
399,2018-04-18T15:12:41.000,2016-11-01T00:00:00.000,Arrival,Domestic,Charter,1264
400,2018-04-18T15:12:41.000,2006-02-01T00:00:00.000,Departure,Domestic,Charter,349
401,2018-04-18T15:12:41.000,2011-02-01T00:00:00.000,Arrival,International,Scheduled Carriers,561302
402,2018-04-18T15:12:41.000,2012-02-01T00:00:00.000,Departure,International,Scheduled Carriers,587064
403,2019-04-02T14:27:54.000,2018-12-01T00:00:00.000,Arrival,International,Scheduled Carriers,992422
404,2018-04-18T15:12:41.000,2008-12-01T00:00:00.000,Arrival,International,Commuter,4147
405,2018-04-18T15:12:41.000,2013-11-01T00:00:00.000,Arrival,International,Commuter,0
406,2018-04-18T15:12:41.000,2015-08-01T00:00:00.000,Departure,Domestic,Scheduled Carriers,2533821
407,2020-05-04T06:39:48.000,2020-03-01T00:00:00.000,Departure,International,Charter,465
408,2018-04-18T15:12:41.000,2007-11-01T00:00:00.000,Arrival,International,Charter,530
409,2018-04-18T15:12:41.000,2007-04-01T00:00:00.000,Arrival,International,Commuter,4467
410,2018-04-18T15:12:41.000,2012-04-01T00:00:00.000,Departure,Domestic,Commuter,131824
411,2018-04-18T15:12:41.000,2006-02-01T00:00:00.000,Arrival,International,Commuter,884
412,2018-04-18T15:12:41.000,2017-06-01T00:00:00.000,Arrival,Domestic,Scheduled Carriers,2673953
413,2018-04-18T15:12:41.000,2010-03-01T00:00:00.000,Departure,Domestic,Commuter,50950
414,2019-04-29T13:10:30.000,2019-03-01T00:00:00.000,Departure,International,Scheduled Carriers,1042004
415,2018-04-18T15:12:41.000,2015-08-01T00:00:00.000,Arrival,Domestic,Commuter,787
416,2018-04-18T15:12:41.000,2013-03-01T00:00:00.000,Departure,International,Commuter,0
417,2018-04-18T15:12:41.000,2012-06-01T00:00:00.000,Departure,Domestic,Charter,181
418,2018-10-29T10:20:51.000,2018-09-01T00:00:00.000,Departure,Domestic,Charter,446
419,2018-04-18T15:12:41.000,2014-05-01T00:00:00.000,Arrival,Domestic,Commuter,23784
420,2018-04-18T15:12:41.000,2007-10-01T00:00:00.000,Arrival,International,Scheduled Carriers,668451
421,2018-04-18T15:12:41.000,2006-11-01T00:00:00.000,Arrival,International,Charter,431
422,2021-03-03T10:48:12.000,2021-01-01T00:00:00.000,Arrival,Domestic,Charter,304
423,2018-04-18T15:12:41.000,2008-08-01T00:00:00.000,Departure,International,Commuter,5721
424,2018-07-11T14:24:22.000,2018-05-01T00:00:00.000,Arrival,Domestic,Scheduled Carriers,2675436
425,2018-04-18T15:12:41.000,2010-06-01T00:00:00.000,Arrival,Domestic,Commuter,69912
426,2018-04-18T15:12:41.000,2010-06-01T00:00:00.000,Departure,Domestic,Charter,381
427,2018-10-29T10:20:51.000,2017-11-01T00:00:00.000,Arrival,International,Scheduled Carriers,933478
428,2018-04-18T15:12:41.000,2010-04-01T00:00:00.000,Arrival,International,Charter,16
429,2018-04-18T15:12:41.000,2007-09-01T00:00:00.000,Arrival,International,Commuter,3990
430,2018-04-18T15:12:41.000,2008-07-01T00:00:00.000,Arrival,International,Scheduled Carriers,812282
431,2018-04-18T15:12:41.000,2008-02-01T00:00:00.000,Arrival,Domestic,Charter,591
432,2018-04-18T15:12:41.000,2013-12-01T00:00:00.000,Departure,International,Scheduled Carriers,766253
433,2018-04-18T15:12:41.000,2012-09-01T00:00:00.000,Arrival,Domestic,Charter,438
434,2018-04-18T15:12:41.000,2014-02-01T00:00:00.000,Arrival,Domestic,Scheduled Carriers,1720769
435,2018-04-18T15:12:41.000,2008-08-01T00:00:00.000,Arrival,Domestic,Charter,790
436,2018-04-18T15:12:41.000,2011-04-01T00:00:00.000,Departure,International,Charter,9
437,2018-04-18T15:12:41.000,2010-11-01T00:00:00.000,Departure,Domestic,Charter,1395
438,2018-04-18T15:12:41.000,2011-07-01T00:00:00.000,Arrival,International,Scheduled Carriers,838755
439,2018-04-18T15:12:41.000,2007-02-01T00:00:00.000,Arrival,International,Scheduled Carriers,577394
440,2018-04-18T15:12:41.000,2008-05-01T00:00:00.000,Arrival,International,Scheduled Carriers,698280
441,2018-04-18T15:12:41.000,2009-05-01T00:00:00.000,Arrival,Domestic,Charter,725
442,2018-04-18T15:12:41.000,2014-10-01T00:00:00.000,Departure,International,Charter,2
443,2018-04-18T15:12:41.000,2011-09-01T00:00:00.000,Arrival,International,Charter,14
444,2018-04-18T15:12:41.000,2017-10-01T00:00:00.000,Departure,Domestic,Charter,1328
445,2018-04-18T15:12:41.000,2014-03-01T00:00:00.000,Departure,International,Commuter,0
446,2018-04-18T15:12:41.000,2014-07-01T00:00:00.000,Arrival,Domestic,Commuter,27490
447,2018-04-18T15:12:41.000,2016-07-01T00:00:00.000,Arrival,Domestic,Scheduled Carriers,2801217
448,2018-04-18T15:12:41.000,2016-11-01T00:00:00.000,Departure,International,Charter,53
449,2018-04-18T15:12:41.000,2010-02-01T00:00:00.000,Departure,International,Scheduled Carriers,569516
450,2018-04-18T15:12:41.000,2012-02-01T00:00:00.000,Departure,Domestic,Scheduled Carriers,1525878
451,2020-08-27T07:15:54.000,2020-07-01T00:00:00.000,Departure,Domestic,Scheduled Carriers,665371
452,2018-04-18T15:12:41.000,2006-11-01T00:00:00.000,Departure,Domestic,Commuter,155248
453,2018-04-18T15:12:41.000,2012-12-01T00:00:00.000,Arrival,International,Charter,532
454,2019-09-27T07:57:24.000,2019-08-01T00:00:00.000,Arrival,Domestic,Scheduled Carriers,2828776
455,2018-04-18T15:12:41.000,2013-05-01T00:00:00.000,Departure,Domestic,Charter,124
456,2020-08-03T07:35:04.000,2020-06-01T00:00:00.000,Arrival,International,Scheduled Carriers,52601
457,2018-04-18T15:12:41.000,2013-11-01T00:00:00.000,Arrival,International,Charter,241
458,2018-04-18T15:12:41.000,2011-11-01T00:00:00.000,Departure,Domestic,Commuter,125403
459,2018-04-18T15:12:41.000,2014-05-01T00:00:00.000,Arrival,Domestic,Scheduled Carriers,2195318
460,2018-04-18T15:12:41.000,2011-03-01T00:00:00.000,Arrival,Domestic,Charter,755
461,2018-04-18T15:12:41.000,2017-12-01T00:00:00.000,Arrival,Domestic,Charter,4205
462,2018-04-18T15:12:41.000,2016-09-01T00:00:00.000,Arrival,International,Charter,598
463,2018-04-18T15:12:41.000,2008-03-01T00:00:00.000,Departure,Domestic,Charter,1143
464,2018-05-23T07:44:39.000,2018-04-01T00:00:00.000,Arrival,Domestic,Charter,108
465,2018-04-18T15:12:41.000,2006-08-01T00:00:00.000,Arrival,Domestic,Commuter,162122
466,2018-04-18T15:12:41.000,2012-03-01T00:00:00.000,Arrival,International,Charter,72
467,2018-04-18T15:12:41.000,2007-02-01T00:00:00.000,Arrival,Domestic,Scheduled Carriers,1425145
468,2018-04-18T15:12:41.000,2009-02-01T00:00:00.000,Arrival,Domestic,Charter,546
469,2020-05-04T06:39:48.000,2020-02-01T00:00:00.000,Arrival,Domestic,Charter,740
470,2018-04-18T15:12:41.000,2015-02-01T00:00:00.000,Departure,Domestic,Charter,523
471,2018-04-18T15:12:41.000,2008-09-01T00:00:00.000,Arrival,Domestic,Charter,762
472,2018-04-18T15:12:41.000,2013-06-01T00:00:00.000,Departure,International,Commuter,0
473,2018-04-18T15:12:41.000,2006-02-01T00:00:00.000,Arrival,Domestic,Scheduled Carriers,1385488
474,2018-04-18T15:12:41.000,2013-02-01T00:00:00.000,Departure,Domestic,Charter,533
475,2018-04-18T15:12:41.000,2013-12-01T00:00:00.000,Departure,Domestic,Commuter,29221
476,2018-04-18T15:12:41.000,2009-05-01T00:00:00.000,Arrival,International,Charter,216
477,2018-04-18T15:12:41.000,2012-08-01T00:00:00.000,Departure,Domestic,Commuter,77983
478,2018-04-18T15:12:41.000,2009-06-01T00:00:00.000,Arrival,Domestic,Scheduled Carriers,1728624
479,2018-04-18T15:12:41.000,2011-11-01T00:00:00.000,Arrival,Domestic,Charter,407
480,2018-04-18T15:12:41.000,2016-03-01T00:00:00.000,Arrival,Domestic,Scheduled Carriers,2337694
481,2018-04-18T15:12:41.000,2008-06-01T00:00:00.000,Arrival,International,Charter,124
482,2019-01-30T07:34:09.000,2018-12-01T00:00:00.000,Arrival,Domestic,Charter,2748
483,2018-04-18T15:12:41.000,2015-11-01T00:00:00.000,Arrival,International,Scheduled Carriers,741343
484,2018-04-18T15:12:41.000,2013-08-01T00:00:00.000,Departure,International,Commuter,0
485,2018-04-18T15:12:41.000,2015-08-01T00:00:00.000,Departure,International,Scheduled Carriers,1018530
486,2018-04-18T15:12:41.000,2008-01-01T00:00:00.000,Departure,Domestic,Charter,3254
487,2018-04-18T15:12:41.000,2012-01-01T00:00:00.000,Departure,Domestic,Commuter,65819
488,2018-04-18T15:12:41.000,2008-12-01T00:00:00.000,Arrival,Domestic,Commuter,136373
489,2018-04-18T15:12:41.000,2006-11-01T00:00:00.000,Departure,Domestic,Charter,2075
490,2018-04-18T15:12:41.000,2011-09-01T00:00:00.000,Departure,Domestic,Charter,372
491,2018-07-11T14:24:22.000,2018-05-01T00:00:00.000,Arrival,International,Charter,21
492,2018-04-18T15:12:41.000,2013-10-01T00:00:00.000,Arrival,International,Commuter,0
493,2018-04-18T15:12:41.000,2007-01-01T00:00:00.000,Arrival,International,Scheduled Carriers,718536
494,2018-04-18T15:12:41.000,2012-06-01T00:00:00.000,Arrival,Domestic,Charter,216
495,2018-07-11T14:24:22.000,2018-05-01T00:00:00.000,Departure,International,Scheduled Carriers,1151435
496,2020-08-27T07:15:54.000,2020-07-01T00:00:00.000,Arrival,Domestic,Charter,455
497,2018-04-18T15:12:41.000,2016-03-01T00:00:00.000,Arrival,Domestic,Commuter,1175
498,2018-04-18T15:12:41.000,2011-09-01T00:00:00.000,Departure,International,Scheduled Carriers,687105
499,2018-04-18T15:12:41.000,2008-01-01T00:00:00.000,Arrival,International,Charter,1009
500,2018-04-18T15:12:41.000,2015-09-01T00:00:00.000,Arrival,International,Scheduled Carriers,872242
501,2018-04-18T15:12:41.000,2007-06-01T00:00:00.000,Departure,Domestic,Charter,366
502,2019-07-18T06:18:08.000,2019-06-01T00:00:00.000,Arrival,Domestic,Charter,91
503,2018-04-18T15:12:41.000,2018-02-01T00:00:00.000,Arrival,Domestic,Charter,1156
504,2018-04-18T15:12:41.000,2012-10-01T00:00:00.000,Arrival,International,Charter,59
505,2018-04-18T15:12:41.000,2009-09-01T00:00:00.000,Departure,International,Charter,140
506,2018-04-18T15:12:41.000,2012-08-01T00:00:00.000,Departure,Domestic,Scheduled Carriers,2165893
507,2018-04-18T15:12:41.000,2009-06-01T00:00:00.000,Departure,Domestic,Charter,655
508,2020-08-03T07:35:04.000,2020-06-01T00:00:00.000,Arrival,Domestic,Scheduled Carriers,449877
509,2018-04-18T15:12:41.000,2017-08-01T00:00:00.000,Arrival,Domestic,Scheduled Carriers,2715435
510,2018-04-18T15:12:41.000,2006-12-01T00:00:00.000,Arrival,International,Charter,310
511,2018-04-18T15:12:41.000,2006-09-01T00:00:00.000,Arrival,Domestic,Commuter,162552
512,2018-04-18T15:12:41.000,2012-07-01T00:00:00.000,Departure,Domestic,Charter,57
513,2018-04-18T15:12:41.000,2008-04-01T00:00:00.000,Departure,International,Charter,404
514,2018-04-18T15:12:41.000,2011-01-01T00:00:00.000,Arrival,International,Scheduled Carriers,682305
515,2018-04-18T15:12:41.000,2007-01-01T00:00:00.000,Departure,International,Commuter,4707
516,2018-04-18T15:12:41.000,2010-01-01T00:00:00.000,Arrival,International,Commuter,0
517,2018-04-18T15:12:41.000,2007-08-01T00:00:00.000,Arrival,International,Commuter,4503
518,2018-04-18T15:12:41.000,2016-01-01T00:00:00.000,Arrival,Domestic,Commuter,1460
519,2018-04-18T15:12:41.000,2009-08-01T00:00:00.000,Departure,International,Charter,741
520,2018-04-18T15:12:41.000,2006-06-01T00:00:00.000,Arrival,Domestic,Commuter,172403
521,2018-04-18T15:12:41.000,2016-11-01T00:00:00.000,Arrival,Domestic,Scheduled Carriers,2367652
522,2018-04-18T15:12:41.000,2008-04-01T00:00:00.000,Arrival,International,Scheduled Carriers,708299
523,2018-04-18T15:12:41.000,2015-11-01T00:00:00.000,Departure,International,Charter,50
524,2019-11-10T06:01:31.000,2019-09-01T00:00:00.000,Departure,International,Charter,67
525,2018-04-18T15:12:41.000,2009-06-01T00:00:00.000,Arrival,Domestic,Commuter,140300
526,2018-04-18T15:12:41.000,2007-11-01T00:00:00.000,Departure,International,Commuter,4599
527,2018-04-18T15:12:41.000,2016-01-01T00:00:00.000,Arrival,Domestic,Scheduled Carriers,2150602
528,2018-04-18T15:12:41.000,2006-04-01T00:00:00.000,Arrival,Domestic,Scheduled Carriers,1664977
529,2018-04-18T15:12:41.000,2013-02-01T00:00:00.000,Departure,International,Scheduled Carriers,593951
530,2018-04-18T15:12:41.000,2008-05-01T00:00:00.000,Arrival,Domestic,Charter,356
531,2018-04-18T15:12:41.000,2009-12-01T00:00:00.000,Departure,Domestic,Commuter,42734
532,2018-04-18T15:12:41.000,2007-06-01T00:00:00.000,Arrival,International,Scheduled Carriers,722785
533,2018-04-18T15:12:41.000,2013-12-01T00:00:00.000,Departure,International,Charter,176
534,2018-04-18T15:12:41.000,2015-04-01T00:00:00.000,Arrival,Domestic,Commuter,118
535,2018-08-21T11:02:45.000,2018-07-01T00:00:00.000,Departure,International,Scheduled Carriers,1265736
536,2018-04-18T15:12:41.000,2013-09-01T00:00:00.000,Arrival,International,Charter,647
537,2018-04-18T15:12:41.000,2006-10-01T00:00:00.000,Arrival,Domestic,Charter,1708
538,2018-04-18T15:12:41.000,2014-08-01T00:00:00.000,Arrival,International,Commuter,0
539,2019-11-26T13:26:41.000,2019-10-01T00:00:00.000,Arrival,Domestic,Charter,422
540,2018-04-18T15:12:41.000,2016-07-01T00:00:00.000,Arrival,International,Charter,311
541,2018-04-18T15:12:41.000,2010-12-01T00:00:00.000,Arrival,International,Scheduled Carriers,653578
542,2018-09-26T09:27:08.000,2018-08-01T00:00:00.000,Departure,Domestic,Charter,492
543,2018-04-18T15:12:41.000,2010-11-01T00:00:00.000,Departure,Domestic,Scheduled Carriers,1673505
544,2018-04-18T15:12:41.000,2013-09-01T00:00:00.000,Arrival,Domestic,Commuter,23900
545,2018-04-18T15:12:41.000,2007-02-01T00:00:00.000,Departure,Domestic,Commuter,146753
546,2018-04-18T15:12:41.000,2017-06-01T00:00:00.000,Arrival,International,Charter,6
547,2018-04-18T15:12:41.000,2010-05-01T00:00:00.000,Departure,International,Charter,396
548,2018-04-18T15:12:41.000,2014-12-01T00:00:00.000,Arrival,International,Charter,152
549,2018-04-18T15:12:41.000,2010-07-01T00:00:00.000,Departure,International,Charter,1223
550,2018-04-18T15:12:41.000,2013-06-01T00:00:00.000,Departure,Domestic,Charter,225
551,2018-04-18T15:12:41.000,2007-06-01T00:00:00.000,Arrival,International,Commuter,3572
552,2018-09-26T09:27:08.000,2018-08-01T00:00:00.000,Arrival,Domestic,Charter,223
553,2018-04-18T15:12:41.000,2015-05-01T00:00:00.000,Arrival,International,Charter,11
554,2018-04-18T15:12:41.000,2008-11-01T00:00:00.000,Departure,International,Commuter,2898
555,2018-04-18T15:12:41.000,2012-11-01T00:00:00.000,Arrival,International,Scheduled Carriers,631759
556,2019-04-29T13:10:30.000,2019-02-01T00:00:00.000,Departure,Domestic,Scheduled Carriers,2168549
557,2018-04-18T15:12:41.000,2015-10-01T00:00:00.000,Departure,Domestic,Charter,1554
558,2018-04-18T15:12:41.000,2012-12-01T00:00:00.000,Departure,International,Scheduled Carriers,722116
559,2018-04-18T15:12:41.000,2011-08-01T00:00:00.000,Departure,Domestic,Scheduled Carriers,2033398
560,2018-04-18T15:12:41.000,2018-01-01T00:00:00.000,Arrival,Domestic,Scheduled Carriers,2288824
561,2018-04-18T15:12:41.000,2014-04-01T00:00:00.000,Departure,International,Charter,103
562,2018-04-18T15:12:41.000,2007-01-01T00:00:00.000,Arrival,Domestic,Charter,1036
563,2018-04-18T15:12:41.000,2009-01-01T00:00:00.000,Departure,International,Charter,464
564,2019-04-29T13:10:30.000,2019-02-01T00:00:00.000,Departure,International,Charter,0
565,2018-04-18T15:12:41.000,2007-08-01T00:00:00.000,Departure,International,Commuter,4776
566,2018-11-25T11:40:39.000,2018-10-01T00:00:00.000,Departure,Domestic,Scheduled Carriers,2551287
567,2018-04-18T15:12:41.000,2013-03-01T00:00:00.000,Arrival,Domestic,Commuter,27030
568,2018-04-18T15:12:41.000,2014-05-01T00:00:00.000,Arrival,Domestic,Charter,480
569,2018-04-18T15:12:41.000,2017-05-01T00:00:00.000,Arrival,Domestic,Charter,639
570,2018-04-18T15:12:41.000,2016-05-01T00:00:00.000,Arrival,Domestic,Charter,88
571,2018-04-18T15:12:41.000,2013-07-01T00:00:00.000,Departure,International,Charter,428
572,2018-04-18T15:12:41.000,2008-09-01T00:00:00.000,Arrival,International,Commuter,5377
573,2018-04-18T15:12:41.000,2012-12-01T00:00:00.000,Arrival,Domestic,Commuter,25449
574,2019-04-29T13:10:30.000,2019-02-01T00:00:00.000,Departure,Domestic,Charter,144
575,2018-04-18T15:12:41.000,2007-11-01T00:00:00.000,Arrival,International,Scheduled Carriers,648018
576,2018-04-18T15:12:41.000,2015-06-01T00:00:00.000,Departure,International,Charter,8
577,2018-04-18T15:12:41.000,2012-12-01T00:00:00.000,Departure,Domestic,Scheduled Carriers,1910828
578,2018-04-18T15:12:41.000,2012-02-01T00:00:00.000,Arrival,Domestic,Scheduled Carriers,1520352
579,2018-04-18T15:12:41.000,2011-03-01T00:00:00.000,Arrival,Domestic,Scheduled Carriers,1729185
580,2018-04-18T15:12:41.000,2009-09-01T00:00:00.000,Departure,Domestic,Scheduled Carriers,1593079
581,2019-03-22T10:49:20.000,2018-01-01T00:00:00.000,Departure,Domestic,Scheduled Carriers,2312325
582,2018-04-18T15:12:41.000,2009-04-01T00:00:00.000,Departure,International,Scheduled Carriers,596052
583,2018-04-18T15:12:41.000,2013-03-01T00:00:00.000,Arrival,International,Scheduled Carriers,713486
584,2018-04-18T15:12:41.000,2010-02-01T00:00:00.000,Arrival,International,Scheduled Carriers,558794
585,2020-01-22T06:57:11.000,2019-12-01T00:00:00.000,Arrival,Domestic,Scheduled Carriers,2690294
586,2018-07-11T14:24:22.000,2018-05-01T00:00:00.000,Departure,Domestic,Charter,101
587,2018-04-18T15:12:41.000,2015-08-01T00:00:00.000,Departure,Domestic,Charter,5
588,2018-04-18T15:12:41.000,2006-08-01T00:00:00.000,Departure,Domestic,Commuter,163622
589,2018-04-18T15:12:41.000,2006-12-01T00:00:00.000,Arrival,Domestic,Scheduled Carriers,1657818
590,2019-09-27T07:57:24.000,2019-08-01T00:00:00.000,Departure,International,Scheduled Carriers,1180374
591,2018-04-18T15:12:41.000,2010-07-01T00:00:00.000,Departure,Domestic,Charter,751
592,2018-04-18T15:12:41.000,2013-03-01T00:00:00.000,Departure,International,Charter,77
593,2018-04-18T15:12:41.000,2007-05-01T00:00:00.000,Departure,International,Charter,259
594,2018-04-18T15:12:41.000,2013-04-01T00:00:00.000,Departure,Domestic,Charter,966
595,2018-04-18T15:12:41.000,2009-06-01T00:00:00.000,Departure,International,Commuter,5057
596,2018-04-18T15:12:41.000,2015-07-01T00:00:00.000,Arrival,International,Charter,135
597,2018-04-18T15:12:41.000,2006-12-01T00:00:00.000,Arrival,International,Scheduled Carriers,656826
598,2018-04-18T15:12:41.000,2010-06-01T00:00:00.000,Arrival,Domestic,Charter,463
599,2018-04-18T15:12:41.000,2010-09-01T00:00:00.000,Arrival,International,Scheduled Carriers,637943
600,2018-04-18T15:12:41.000,2015-07-01T00:00:00.000,Arrival,Domestic,Scheduled Carriers,2600871
601,2018-04-18T15:12:41.000,2015-12-01T00:00:00.000,Arrival,International,Charter,145
602,2018-04-18T15:12:41.000,2014-05-01T00:00:00.000,Departure,Domestic,Charter,423
603,2018-04-18T15:12:41.000,2011-12-01T00:00:00.000,Arrival,International,Charter,271
604,2018-04-18T15:12:41.000,2008-09-01T00:00:00.000,Departure,International,Commuter,5655
605,2018-10-29T10:20:51.000,2018-09-01T00:00:00.000,Arrival,Domestic,Charter,760
606,2018-04-18T15:12:41.000,2009-04-01T00:00:00.000,Arrival,International,Charter,381
607,2018-04-18T15:12:41.000,2013-11-01T00:00:00.000,Arrival,Domestic,Scheduled Carriers,1830380
608,2019-07-18T06:18:08.000,2019-06-01T00:00:00.000,Departure,Domestic,Charter,177
609,2019-04-29T13:10:30.000,2019-02-01T00:00:00.000,Arrival,Domestic,Scheduled Carriers,2149661
610,2018-04-18T15:12:41.000,2009-12-01T00:00:00.000,Arrival,Domestic,Charter,4994
611,2018-04-18T15:12:41.000,2008-04-01T00:00:00.000,Departure,Domestic,Scheduled Carriers,1652647
612,2018-04-18T15:12:41.000,2009-12-01T00:00:00.000,Departure,International,Scheduled Carriers,692281
613,2018-04-18T15:12:41.000,2008-06-01T00:00:00.000,Arrival,Domestic,Commuter,157727
614,2018-04-18T15:12:41.000,2011-04-01T00:00:00.000,Departure,Domestic,Commuter,107582
615,2018-04-18T15:12:41.000,2014-10-01T00:00:00.000,Departure,Domestic,Charter,1619
616,2018-04-18T15:12:41.000,2014-03-01T00:00:00.000,Departure,Domestic,Scheduled Carriers,2128484
617,2018-04-18T15:12:41.000,2010-01-01T00:00:00.000,Arrival,International,Scheduled Carriers,697343
618,2018-04-18T15:12:41.000,2009-11-01T00:00:00.000,Departure,Domestic,Scheduled Carriers,1588433
619,2018-04-18T15:12:41.000,2007-08-01T00:00:00.000,Arrival,Domestic,Commuter,156909
620,2019-06-24T13:17:06.000,2019-05-01T00:00:00.000,Departure,Domestic,Scheduled Carriers,2714482
621,2018-04-18T15:12:41.000,2010-01-01T00:00:00.000,Departure,International,Commuter,0
622,2020-06-01T07:57:59.000,2020-04-01T00:00:00.000,Arrival,International,Scheduled Carriers,19246
623,2018-04-18T15:12:41.000,2008-07-01T00:00:00.000,Departure,International,Scheduled Carriers,781270
624,2018-04-18T15:12:41.000,2008-09-01T00:00:00.000,Departure,Domestic,Scheduled Carriers,1446998
625,2018-04-18T15:12:41.000,2009-04-01T00:00:00.000,Departure,International,Charter,470
626,2018-04-18T15:12:41.000,2014-11-01T00:00:00.000,Arrival,Domestic,Scheduled Carriers,1988905
627,2018-04-18T15:12:41.000,2011-09-01T00:00:00.000,Departure,Domestic,Commuter,121424
628,2018-04-18T15:12:41.000,2010-11-01T00:00:00.000,Arrival,Domestic,Commuter,68369
629,2018-04-18T15:12:41.000,2013-07-01T00:00:00.000,Departure,Domestic,Charter,339
630,2018-04-18T15:12:41.000,2008-11-01T00:00:00.000,Arrival,International,Charter,321
631,2018-04-18T15:12:41.000,2009-04-01T00:00:00.000,Arrival,Domestic,Scheduled Carriers,1553617
632,2018-04-18T15:12:41.000,2018-02-01T00:00:00.000,Arrival,Domestic,Scheduled Carriers,2134426
633,2018-04-18T15:12:41.000,2012-09-01T00:00:00.000,Arrival,International,Scheduled Carriers,720211
634,2019-11-10T06:01:31.000,2019-09-01T00:00:00.000,Departure,International,Scheduled Carriers,1039765
635,2018-04-18T15:12:41.000,2013-09-01T00:00:00.000,Departure,International,Scheduled Carriers,737176
636,2018-04-18T15:12:41.000,2009-05-01T00:00:00.000,Departure,International,Scheduled Carriers,577923
637,2018-04-18T15:12:41.000,2015-08-01T00:00:00.000,Arrival,International,Charter,24
638,2018-04-18T15:12:41.000,2006-12-01T00:00:00.000,Departure,Domestic,Scheduled Carriers,1703031
639,2018-04-18T15:12:41.000,2006-06-01T00:00:00.000,Departure,Domestic,Charter,600
640,2018-04-18T15:12:41.000,2015-07-01T00:00:00.000,Departure,Domestic,Commuter,1567
641,2018-04-18T15:12:41.000,2008-08-01T00:00:00.000,Arrival,International,Scheduled Carriers,819103
642,2018-04-18T15:12:41.000,2016-03-01T00:00:00.000,Arrival,International,Charter,5
643,2018-04-18T15:12:41.000,2007-01-01T00:00:00.000,Departure,International,Scheduled Carriers,671834
644,2020-01-22T06:57:11.000,2019-12-01T00:00:00.000,Departure,Domestic,Charter,567
645,2018-04-18T15:12:41.000,2009-03-01T00:00:00.000,Departure,International,Commuter,5341
646,2018-04-18T15:12:41.000,2013-04-01T00:00:00.000,Departure,International,Commuter,0
647,2018-04-18T15:12:41.000,2006-03-01T00:00:00.000,Arrival,Domestic,Commuter,168803
648,2018-04-18T15:12:41.000,2008-03-01T00:00:00.000,Departure,International,Scheduled Carriers,728470
649,2018-04-18T15:12:41.000,2013-08-01T00:00:00.000,Departure,Domestic,Scheduled Carriers,2283957
650,2018-04-18T15:12:41.000,2017-03-01T00:00:00.000,Arrival,International,Charter,24
651,2018-04-18T15:12:41.000,2015-05-01T00:00:00.000,Arrival,Domestic,Scheduled Carriers,2319130
652,2018-04-18T15:12:41.000,2015-01-01T00:00:00.000,Departure,Domestic,Commuter,1295
653,2018-04-18T15:12:41.000,2009-10-01T00:00:00.000,Arrival,International,Charter,6036
654,2018-04-18T15:12:41.000,2015-08-01T00:00:00.000,Departure,International,Charter,9
655,2018-04-18T15:12:41.000,2012-08-01T00:00:00.000,Departure,Domestic,Charter,263
656,2018-05-23T07:44:39.000,2018-04-01T00:00:00.000,Departure,Domestic,Scheduled Carriers,2543919
657,2018-04-18T15:12:41.000,2016-11-01T00:00:00.000,Departure,Domestic,Charter,1467
658,2018-04-18T15:12:41.000,2014-01-01T00:00:00.000,Arrival,International,Commuter,0
659,2018-04-18T15:12:41.000,2013-01-01T00:00:00.000,Arrival,Domestic,Commuter,25819
660,2018-04-18T15:12:41.000,2014-04-01T00:00:00.000,Arrival,International,Scheduled Carriers,787972
661,2018-04-18T15:12:41.000,2014-07-01T00:00:00.000,Departure,Domestic,Commuter,25934
662,2018-04-18T15:12:41.000,2014-06-01T00:00:00.000,Departure,Domestic,Scheduled Carriers,2352121
663,2018-04-18T15:12:41.000,2012-01-01T00:00:00.000,Arrival,Domestic,Charter,1111
664,2018-04-18T15:12:41.000,2010-09-01T00:00:00.000,Arrival,Domestic,Scheduled Carriers,1656952
665,2018-04-18T15:12:41.000,2017-05-01T00:00:00.000,Departure,International,Scheduled Carriers,1070651
666,2018-04-18T15:12:41.000,2016-06-01T00:00:00.000,Departure,Domestic,Scheduled Carriers,2728966
667,2018-04-18T15:12:41.000,2013-10-01T00:00:00.000,Arrival,Domestic,Commuter,26146
668,2018-04-18T15:12:41.000,2008-06-01T00:00:00.000,Departure,Domestic,Commuter,153408
669,2018-04-18T15:12:41.000,2008-03-01T00:00:00.000,Arrival,Domestic,Scheduled Carriers,1701779
670,2018-04-18T15:12:41.000,2008-10-01T00:00:00.000,Departure,Domestic,Scheduled Carriers,1549714
671,2018-04-18T15:12:41.000,2011-04-01T00:00:00.000,Arrival,Domestic,Scheduled Carriers,1758042
672,2018-04-18T15:12:41.000,2013-04-01T00:00:00.000,Arrival,Domestic,Commuter,19027
673,2018-04-18T15:12:41.000,2011-06-01T00:00:00.000,Arrival,International,Scheduled Carriers,723027
674,2018-04-18T15:12:41.000,2015-08-01T00:00:00.000,Arrival,International,Scheduled Carriers,1066533
675,2021-02-02T08:17:02.000,2020-12-01T00:00:00.000,Departure,Domestic,Scheduled Carriers,839055
676,2018-04-18T15:12:41.000,2006-11-01T00:00:00.000,Arrival,International,Scheduled Carriers,606061
677,2018-04-18T15:12:41.000,2009-04-01T00:00:00.000,Departure,Domestic,Scheduled Carriers,1580238
678,2018-04-18T15:12:41.000,2007-06-01T00:00:00.000,Departure,Domestic,Commuter,160245
679,2021-01-10T06:01:37.000,2020-11-01T00:00:00.000,Departure,Domestic,Scheduled Carriers,844961
680,2018-04-18T15:12:41.000,2012-12-01T00:00:00.000,Arrival,Domestic,Scheduled Carriers,1899213
681,2018-04-18T15:12:41.000,2010-10-01T00:00:00.000,Departure,International,Scheduled Carriers,668372
682,2018-04-18T15:12:41.000,2012-11-01T00:00:00.000,Arrival,Domestic,Scheduled Carriers,1784339
683,2018-04-18T15:12:41.000,2009-06-01T00:00:00.000,Departure,Domestic,Commuter,143525
684,2018-04-18T15:12:41.000,2017-07-01T00:00:00.000,Departure,Domestic,Scheduled Carriers,2834451
685,2018-04-18T15:12:41.000,2016-03-01T00:00:00.000,Departure,Domestic,Charter,190
686,2018-04-18T15:12:41.000,2014-10-01T00:00:00.000,Arrival,International,Charter,21
687,2018-04-18T15:12:41.000,2008-01-01T00:00:00.000,Arrival,Domestic,Commuter,142908
688,2020-09-28T16:07:45.000,2020-08-01T00:00:00.000,Departure,Domestic,Charter,513
689,2018-04-18T15:12:41.000,2012-04-01T00:00:00.000,Departure,International,Scheduled Carriers,676387
690,2018-04-18T15:12:41.000,2017-05-01T00:00:00.000,Arrival,International,Charter,26
691,2018-04-18T15:12:41.000,2014-03-01T00:00:00.000,Departure,International,Scheduled Carriers,748979
692,2019-07-18T06:18:08.000,2019-06-01T00:00:00.000,Departure,Domestic,Scheduled Carriers,2881061
693,2018-04-18T15:12:41.000,2010-11-01T00:00:00.000,Departure,Domestic,Commuter,62949
694,2018-04-18T15:12:41.000,2015-12-01T00:00:00.000,Arrival,Domestic,Charter,5747
695,2018-04-18T15:12:41.000,2010-02-01T00:00:00.000,Arrival,Domestic,Commuter,44729
696,2018-04-18T15:12:41.000,2018-02-01T00:00:00.000,Departure,International,Charter,320
697,2018-04-18T15:12:41.000,2011-05-01T00:00:00.000,Departure,Domestic,Scheduled Carriers,1883942
698,2018-04-18T15:12:41.000,2009-03-01T00:00:00.000,Arrival,International,Commuter,5242
699,2018-04-18T15:12:41.000,2011-03-01T00:00:00.000,Departure,International,Scheduled Carriers,649132
700,2018-04-18T15:12:41.000,2014-08-01T00:00:00.000,Arrival,International,Scheduled Carriers,949836
701,2018-04-18T15:12:41.000,2007-03-01T00:00:00.000,Departure,Domestic,Charter,1468
702,2018-04-18T15:12:41.000,2008-05-01T00:00:00.000,Arrival,International,Commuter,5632
703,2018-04-18T15:12:41.000,2007-04-01T00:00:00.000,Arrival,International,Scheduled Carriers,720743
704,2018-04-18T15:12:41.000,2013-10-01T00:00:00.000,Departure,Domestic,Scheduled Carriers,1968906
705,2018-04-18T15:12:41.000,2014-03-01T00:00:00.000,Arrival,Domestic,Scheduled Carriers,2093165
706,2019-12-10T06:01:20.000,2019-10-01T00:00:00.000,Arrival,Domestic,Scheduled Carriers,2559984
707,2018-04-18T15:12:41.000,2006-04-01T00:00:00.000,Departure,International,Commuter,1265
708,2018-04-18T15:12:41.000,2008-01-01T00:00:00.000,Arrival,Domestic,Charter,789
709,2020-05-04T06:39:48.000,2020-03-01T00:00:00.000,Arrival,International,Charter,168
710,2019-11-26T13:26:41.000,2019-10-01T00:00:00.000,Arrival,International,Charter,8
711,2018-04-18T15:12:41.000,2008-11-01T00:00:00.000,Arrival,Domestic,Scheduled Carriers,1424520
712,2018-04-18T15:12:41.000,2006-08-01T00:00:00.000,Arrival,International,Commuter,1001
713,2018-04-18T15:12:41.000,2012-06-01T00:00:00.000,Departure,Domestic,Commuter,142300
714,2018-04-18T15:12:41.000,2015-06-01T00:00:00.000,Departure,Domestic,Commuter,1124
715,2018-04-18T15:12:41.000,2012-02-01T00:00:00.000,Departure,Domestic,Commuter,122033
716,2018-04-18T15:12:41.000,2013-06-01T00:00:00.000,Arrival,International,Commuter,0
717,2018-04-18T15:12:41.000,2007-07-01T00:00:00.000,Arrival,Domestic,Charter,1254
718,2018-04-18T15:12:41.000,2014-05-01T00:00:00.000,Arrival,International,Scheduled Carriers,811223
719,2018-04-18T15:12:41.000,2010-04-01T00:00:00.000,Departure,Domestic,Scheduled Carriers,1675442
720,2018-09-26T09:27:08.000,2018-08-01T00:00:00.000,Departure,Domestic,Scheduled Carriers,2850617
721,2018-04-18T15:12:41.000,2014-09-01T00:00:00.000,Departure,Domestic,Commuter,205
722,2018-04-18T15:12:41.000,2014-10-01T00:00:00.000,Departure,Domestic,Commuter,0
723,2018-04-18T15:12:41.000,2015-06-01T00:00:00.000,Arrival,International,Charter,21
724,2018-04-18T15:12:41.000,2013-02-01T00:00:00.000,Arrival,International,Scheduled Carriers,585661
725,2018-04-18T15:12:41.000,2016-12-01T00:00:00.000,Departure,International,Charter,60
726,2018-04-18T15:12:41.000,2016-09-01T00:00:00.000,Arrival,Domestic,Charter,803
727,2018-10-29T10:20:51.000,2017-03-01T00:00:00.000,Arrival,International,Scheduled Carriers,931298
728,2018-04-18T15:12:41.000,2017-12-01T00:00:00.000,Departure,International,Scheduled Carriers,1109122
729,2018-04-18T15:12:41.000,2008-10-01T00:00:00.000,Departure,Domestic,Charter,983
730,2018-04-18T15:12:41.000,2007-03-01T00:00:00.000,Arrival,International,Scheduled Carriers,700635
731,2018-07-16T14:36:06.000,2018-06-01T00:00:00.000,Arrival,Domestic,Scheduled Carriers,2758501
732,2018-04-18T15:12:41.000,2006-11-01T00:00:00.000,Departure,Domestic,Scheduled Carriers,1638140
733,2018-04-18T15:12:41.000,2011-08-01T00:00:00.000,Arrival,Domestic,Commuter,137687
734,2019-04-02T14:27:54.000,2018-12-01T00:00:00.000,Departure,International,Scheduled Carriers,1093291
735,2018-04-18T15:12:41.000,2010-07-01T00:00:00.000,Arrival,Domestic,Scheduled Carriers,2010929
736,2018-04-18T15:12:41.000,2006-04-01T00:00:00.000,Departure,Domestic,Charter,1200
737,2020-02-28T08:21:30.000,2020-01-01T00:00:00.000,Departure,Domestic,Scheduled Carriers,2304382
738,2018-04-18T15:12:41.000,2009-11-01T00:00:00.000,Arrival,International,Charter,175
739,2018-04-18T15:12:41.000,2014-06-01T00:00:00.000,Departure,International,Commuter,0
740,2018-04-18T15:12:41.000,2010-05-01T00:00:00.000,Departure,Domestic,Commuter,58268
741,2018-04-18T15:12:41.000,2009-11-01T00:00:00.000,Arrival,Domestic,Commuter,46006
742,2018-04-18T15:12:41.000,2007-02-01T00:00:00.000,Departure,Domestic,Charter,294
743,2018-04-18T15:12:41.000,2015-09-01T00:00:00.000,Departure,Domestic,Scheduled Carriers,2143951
744,2019-12-10T06:01:20.000,2019-10-01T00:00:00.000,Departure,Domestic,Scheduled Carriers,2550389
745,2018-04-18T15:12:41.000,2015-12-01T00:00:00.000,Arrival,Domestic,Scheduled Carriers,2343882
746,2018-04-18T15:12:41.000,2016-09-01T00:00:00.000,Arrival,Domestic,Scheduled Carriers,2330768
747,2018-10-29T10:20:51.000,2018-05-01T00:00:00.000,Arrival,International,Scheduled Carriers,1054727
748,2018-04-18T15:12:41.000,2014-01-01T00:00:00.000,Arrival,International,Scheduled Carriers,785239
749,2018-04-18T15:12:41.000,2011-02-01T00:00:00.000,Departure,Domestic,Commuter,58549
750,2020-04-29T07:14:24.000,2020-03-01T00:00:00.000,Departure,International,Scheduled Carriers,440858
751,2018-10-29T10:20:51.000,2016-10-01T00:00:00.000,Arrival,International,Scheduled Carriers,936349
752,2018-04-18T15:12:41.000,2007-11-01T00:00:00.000,Departure,International,Scheduled Carriers,679480
753,2020-01-22T06:57:11.000,2019-12-01T00:00:00.000,Arrival,International,Scheduled Carriers,1021350
754,2018-04-18T15:12:41.000,2013-05-01T00:00:00.000,Arrival,International,Commuter,0
755,2019-11-10T06:01:31.000,2019-09-01T00:00:00.000,Arrival,International,Scheduled Carriers,1066978
756,2018-04-18T15:12:41.000,2009-07-01T00:00:00.000,Arrival,International,Charter,844
757,2018-04-18T15:12:41.000,2014-01-01T00:00:00.000,Departure,International,Commuter,0
758,2018-04-18T15:12:41.000,2010-06-01T00:00:00.000,Departure,Domestic,Scheduled Carriers,1894245
759,2018-04-18T15:12:41.000,2015-07-01T00:00:00.000,Departure,International,Scheduled Carriers,1021875
760,2018-04-18T15:12:41.000,2009-06-01T00:00:00.000,Departure,International,Scheduled Carriers,657528
761,2018-04-18T15:12:41.000,2011-04-01T00:00:00.000,Departure,Domestic,Scheduled Carriers,1701184
762,2018-04-18T15:12:41.000,2006-05-01T00:00:00.000,Arrival,Domestic,Charter,1231
763,2018-04-18T15:12:41.000,2009-02-01T00:00:00.000,Departure,Domestic,Scheduled Carriers,1261864
764,2018-04-18T15:12:41.000,2009-03-01T00:00:00.000,Departure,International,Charter,890
765,2018-04-18T15:12:41.000,2007-09-01T00:00:00.000,Departure,International,Scheduled Carriers,674680
766,2018-04-18T15:12:41.000,2014-09-01T00:00:00.000,Arrival,Domestic,Scheduled Carriers,2017640
767,2018-04-18T15:12:41.000,2010-09-01T00:00:00.000,Arrival,International,Charter,614
768,2018-04-18T15:12:41.000,2017-12-01T00:00:00.000,Departure,Domestic,Scheduled Carriers,2494814
769,2018-04-18T15:12:41.000,2016-01-01T00:00:00.000,Departure,International,Scheduled Carriers,865869
770,2018-04-18T15:12:41.000,2006-07-01T00:00:00.000,Arrival,Domestic,Charter,295
771,2019-07-10T06:01:27.000,2019-05-01T00:00:00.000,Departure,Domestic,Charter,10
772,2018-04-18T15:12:41.000,2014-07-01T00:00:00.000,Arrival,Domestic,Scheduled Carriers,2486330
773,2018-10-29T10:20:51.000,2016-06-01T00:00:00.000,Arrival,International,Scheduled Carriers,1019889
774,2018-04-18T15:12:41.000,2011-10-01T00:00:00.000,Arrival,Domestic,Charter,70
775,2018-04-18T15:12:41.000,2013-10-01T00:00:00.000,Departure,Domestic,Commuter,24700
776,2018-04-18T15:12:41.000,2012-05-01T00:00:00.000,Arrival,International,Scheduled Carriers,702448
777,2020-06-01T07:57:59.000,2020-04-01T00:00:00.000,Departure,International,Charter,1900
778,2018-04-18T15:12:41.000,2012-12-01T00:00:00.000,Departure,Domestic,Charter,1344
779,2018-04-18T15:12:41.000,2010-04-01T00:00:00.000,Departure,Domestic,Charter,626
780,2018-04-18T15:12:41.000,2016-10-01T00:00:00.000,Departure,Domestic,Scheduled Carriers,2462316
781,2019-05-28T06:24:45.000,2019-04-01T00:00:00.000,Departure,International,Charter,2
782,2018-04-18T15:12:41.000,2007-10-01T00:00:00.000,Arrival,Domestic,Commuter,168015
783,2018-04-18T15:12:41.000,2015-06-01T00:00:00.000,Arrival,International,Scheduled Carriers,910316
784,2018-04-18T15:12:41.000,2009-04-01T00:00:00.000,Arrival,Domestic,Commuter,141361
785,2018-04-18T15:12:41.000,2013-02-01T00:00:00.000,Arrival,Domestic,Charter,582
786,2019-12-10T06:01:20.000,2019-11-01T00:00:00.000,Arrival,International,Charter,0
787,2018-04-18T15:12:41.000,2008-07-01T00:00:00.000,Departure,Domestic,Scheduled Carriers,1951478
788,2018-04-18T15:12:41.000,2011-08-01T00:00:00.000,Arrival,International,Scheduled Carriers,831293
789,2018-04-18T15:12:41.000,2006-05-01T00:00:00.000,Arrival,Domestic,Scheduled Carriers,1713427
790,2018-04-18T15:12:41.000,2008-10-01T00:00:00.000,Arrival,International,Commuter,4963
791,2018-04-18T15:12:41.000,2010-09-01T00:00:00.000,Departure,Domestic,Charter,636
792,2019-01-30T07:34:09.000,2018-12-01T00:00:00.000,Departure,Domestic,Charter,461
793,2018-04-18T15:12:41.000,2009-11-01T00:00:00.000,Departure,International,Scheduled Carriers,596407
794,2018-04-18T15:12:41.000,2007-08-01T00:00:00.000,Arrival,International,Charter,6
795,2020-12-07T13:58:36.000,2020-09-01T00:00:00.000,Arrival,Domestic,Charter,848
796,2018-04-18T15:12:41.000,2006-03-01T00:00:00.000,Arrival,International,Commuter,946
797,2018-10-29T10:20:51.000,2016-11-01T00:00:00.000,Arrival,International,Scheduled Carriers,858317
798,2018-04-18T15:12:41.000,2012-07-01T00:00:00.000,Departure,Domestic,Scheduled Carriers,2159819
799,2018-04-18T15:12:41.000,2016-08-01T00:00:00.000,Arrival,International,Charter,10
800,2018-04-18T15:12:41.000,2007-04-01T00:00:00.000,Departure,Domestic,Commuter,157908
801,2018-04-18T15:12:41.000,2009-01-01T00:00:00.000,Departure,Domestic,Charter,2298
802,2018-04-18T15:12:41.000,2015-11-01T00:00:00.000,Arrival,Domestic,Charter,1493
803,2018-04-18T15:12:41.000,2007-09-01T00:00:00.000,Arrival,Domestic,Scheduled Carriers,1578485
804,2018-08-21T11:02:45.000,2018-07-01T00:00:00.000,Arrival,Domestic,Scheduled Carriers,2907593
805,2018-04-18T15:12:41.000,2014-09-01T00:00:00.000,Departure,International,Scheduled Carriers,762114
806,2018-04-18T15:12:41.000,2015-01-01T00:00:00.000,Arrival,International,Charter,166
807,2018-04-18T15:12:41.000,2008-03-01T00:00:00.000,Departure,International,Charter,782
808,2018-04-18T15:12:41.000,2007-12-01T00:00:00.000,Arrival,International,Charter,250
809,2018-04-18T15:12:41.000,2013-09-01T00:00:00.000,Arrival,International,Commuter,0
810,2018-04-18T15:12:41.000,2011-11-01T00:00:00.000,Arrival,International,Scheduled Carriers,611132
811,2018-04-18T15:12:41.000,2015-10-01T00:00:00.000,Arrival,Domestic,Scheduled Carriers,2335786
812,2018-04-18T15:12:41.000,2009-03-01T00:00:00.000,Departure,Domestic,Scheduled Carriers,1561806
813,2018-04-18T15:12:41.000,2010-08-01T00:00:00.000,Departure,Domestic,Commuter,69138
814,2020-01-02T10:43:42.000,2019-11-01T00:00:00.000,Departure,International,Scheduled Carriers,970026
815,2018-10-29T10:20:51.000,2018-09-01T00:00:00.000,Arrival,Domestic,Scheduled Carriers,2372255
816,2018-04-18T15:12:41.000,2006-10-01T00:00:00.000,Departure,Domestic,Commuter,168738
817,2018-10-29T10:20:51.000,2018-06-01T00:00:00.000,Arrival,International,Scheduled Carriers,1154807
818,2018-04-18T15:12:41.000,2008-07-01T00:00:00.000,Arrival,International,Commuter,5516
819,2018-04-18T15:12:41.000,2011-09-01T00:00:00.000,Departure,International,Charter,6
820,2018-04-18T15:12:41.000,2015-12-01T00:00:00.000,Arrival,Domestic,Commuter,360
821,2020-01-02T10:43:42.000,2019-11-01T00:00:00.000,Arrival,International,Scheduled Carriers,914598
822,2018-04-18T15:12:41.000,2011-06-01T00:00:00.000,Departure,Domestic,Scheduled Carriers,1968698
823,2018-04-18T15:12:41.000,2012-07-01T00:00:00.000,Arrival,International,Charter,348
824,2018-04-18T15:12:41.000,2006-11-01T00:00:00.000,Arrival,International,Commuter,1377
825,2018-04-18T15:12:41.000,2011-02-01T00:00:00.000,Departure,International,Charter,686
826,2018-04-18T15:12:41.000,2016-01-01T00:00:00.000,Departure,Domestic,Commuter,1228
827,2018-04-18T15:12:41.000,2009-02-01T00:00:00.000,Arrival,Domestic,Scheduled Carriers,1265282
828,2018-04-18T15:12:41.000,2009-09-01T00:00:00.000,Arrival,Domestic,Charter,872
829,2018-04-18T15:12:41.000,2007-03-01T00:00:00.000,Departure,International,Scheduled Carriers,700356
830,2018-04-18T15:12:41.000,2013-07-01T00:00:00.000,Arrival,International,Scheduled Carriers,909411
831,2018-04-18T15:12:41.000,2009-05-01T00:00:00.000,Departure,International,Charter,253
832,2018-04-18T15:12:41.000,2006-11-01T00:00:00.000,Departure,International,Scheduled Carriers,616820
833,2018-04-18T15:12:41.000,2010-05-01T00:00:00.000,Arrival,Domestic,Charter,334
834,2019-06-24T13:17:06.000,2019-05-01T00:00:00.000,Arrival,Domestic,Scheduled Carriers,2699220
835,2018-04-18T15:12:41.000,2013-07-01T00:00:00.000,Departure,Domestic,Commuter,30148
836,2018-04-18T15:12:41.000,2008-05-01T00:00:00.000,Arrival,Domestic,Commuter,156769
837,2018-04-18T15:12:41.000,2006-04-01T00:00:00.000,Departure,Domestic,Scheduled Carriers,1699764
838,2018-04-18T15:12:41.000,2013-02-01T00:00:00.000,Arrival,International,Commuter,0
839,2018-04-18T15:12:41.000,2008-02-01T00:00:00.000,Arrival,International,Commuter,5386
840,2018-04-18T15:12:41.000,2011-04-01T00:00:00.000,Arrival,International,Charter,32
841,2018-04-18T15:12:41.000,2012-09-01T00:00:00.000,Arrival,Domestic,Scheduled Carriers,1745966
842,2018-04-18T15:12:41.000,2017-02-01T00:00:00.000,Arrival,Domestic,Charter,938
843,2018-04-18T15:12:41.000,2010-02-01T00:00:00.000,Arrival,International,Charter,35
844,2018-04-18T15:12:41.000,2015-04-01T00:00:00.000,Departure,International,Charter,51
845,2018-04-18T15:12:41.000,2010-01-01T00:00:00.000,Departure,Domestic,Commuter,41133
846,2018-04-18T15:12:41.000,2007-08-01T00:00:00.000,Departure,Domestic,Scheduled Carriers,2011990
847,2018-04-18T15:12:41.000,2016-10-01T00:00:00.000,Arrival,Domestic,Scheduled Carriers,2468573
848,2018-04-18T15:12:41.000,2009-04-01T00:00:00.000,Arrival,International,Scheduled Carriers,622677
849,2019-11-26T13:26:41.000,2019-10-01T00:00:00.000,Arrival,International,Scheduled Carriers,1015433
850,2018-04-18T15:12:41.000,2017-01-01T00:00:00.000,Departure,Domestic,Charter,2520
851,2018-04-18T15:12:41.000,2011-11-01T00:00:00.000,Arrival,Domestic,Scheduled Carriers,1680739
852,2018-04-18T15:12:41.000,2010-09-01T00:00:00.000,Departure,International,Scheduled Carriers,623851
853,2018-04-18T15:12:41.000,2014-01-01T00:00:00.000,Departure,Domestic,Scheduled Carriers,1900947
854,2018-04-18T15:12:41.000,2009-01-01T00:00:00.000,Departure,International,Scheduled Carriers,606317
855,2018-04-18T15:12:41.000,2011-06-01T00:00:00.000,Arrival,International,Charter,508
856,2018-04-18T15:12:41.000,2007-08-01T00:00:00.000,Arrival,Domestic,Scheduled Carriers,1961775
857,2018-04-18T15:12:41.000,2010-03-01T00:00:00.000,Arrival,International,Charter,181
858,2018-04-18T15:12:41.000,2012-07-01T00:00:00.000,Arrival,Domestic,Scheduled Carriers,2192051
859,2018-04-18T15:12:41.000,2009-04-01T00:00:00.000,Departure,Domestic,Charter,749
860,2018-04-18T15:12:41.000,2016-12-01T00:00:00.000,Arrival,International,Charter,221
861,2018-04-18T15:12:41.000,2017-11-01T00:00:00.000,Arrival,Domestic,Charter,401
862,2018-04-18T15:12:41.000,2015-04-01T00:00:00.000,Arrival,International,Scheduled Carriers,810121
863,2018-04-18T15:12:41.000,2014-06-01T00:00:00.000,Arrival,International,Commuter,0
864,2019-09-27T07:57:24.000,2019-08-01T00:00:00.000,Departure,Domestic,Scheduled Carriers,2880050
865,2018-04-18T15:12:41.000,2014-04-01T00:00:00.000,Departure,International,Commuter,0
866,2018-04-18T15:12:41.000,2014-07-01T00:00:00.000,Departure,International,Scheduled Carriers,913725
867,2018-04-18T15:12:41.000,2006-05-01T00:00:00.000,Departure,International,Scheduled Carriers,722275
868,2018-04-18T15:12:41.000,2008-12-01T00:00:00.000,Departure,Domestic,Scheduled Carriers,1569708
869,2020-09-28T16:07:45.000,2020-08-01T00:00:00.000,Arrival,Domestic,Scheduled Carriers,743405
870,2018-04-18T15:12:41.000,2016-02-01T00:00:00.000,Departure,Domestic,Charter,963
871,2018-04-18T15:12:41.000,2015-09-01T00:00:00.000,Arrival,Domestic,Charter,101
872,2018-04-18T15:12:41.000,2017-10-01T00:00:00.000,Arrival,Domestic,Charter,1605
873,2018-04-18T15:12:41.000,2014-11-01T00:00:00.000,Departure,International,Scheduled Carriers,726568
874,2018-04-18T15:12:41.000,2014-06-01T00:00:00.000,Arrival,International,Charter,12
875,2018-04-18T15:12:41.000,2006-03-01T00:00:00.000,Departure,International,Scheduled Carriers,678736
876,2018-04-18T15:12:41.000,2006-05-01T00:00:00.000,Departure,Domestic,Charter,960
877,2019-04-29T13:10:30.000,2019-02-01T00:00:00.000,Arrival,Domestic,Charter,257
878,2021-01-10T06:01:37.000,2020-11-01T00:00:00.000,Departure,Domestic,Charter,1539
879,2019-04-29T13:10:30.000,2019-02-01T00:00:00.000,Departure,International,Scheduled Carriers,880565
880,2018-04-18T15:12:41.000,2007-05-01T00:00:00.000,Departure,International,Scheduled Carriers,721668
881,2018-04-18T15:12:41.000,2010-12-01T00:00:00.000,Departure,Domestic,Commuter,62799
882,2018-04-18T15:12:41.000,2006-06-01T00:00:00.000,Arrival,International,Charter,102
883,2018-04-18T15:12:41.000,2013-09-01T00:00:00.000,Departure,International,Commuter,0
884,2018-04-18T15:12:41.000,2012-12-01T00:00:00.000,Departure,Domestic,Commuter,24343
885,2018-04-18T15:12:41.000,2013-05-01T00:00:00.000,Departure,International,Commuter,0
886,2018-04-18T15:12:41.000,2013-05-01T00:00:00.000,Departure,International,Charter,17
887,2018-04-18T15:12:41.000,2012-01-01T00:00:00.000,Arrival,Domestic,Commuter,67706
888,2018-04-18T15:12:41.000,2010-10-01T00:00:00.000,Arrival,International,Charter,49
889,2018-04-18T15:12:41.000,2017-03-01T00:00:00.000,Departure,International,Scheduled Carriers,952380
890,2018-04-18T15:12:41.000,2013-05-01T00:00:00.000,Arrival,International,Scheduled Carriers,730477
891,2018-04-18T15:12:41.000,2018-01-01T00:00:00.000,Arrival,International,Charter,17
892,2018-04-18T15:12:41.000,2007-04-01T00:00:00.000,Departure,Domestic,Scheduled Carriers,1738059
893,2020-05-10T06:01:34.000,2020-04-01T00:00:00.000,Arrival,International,Charter,2
894,2018-04-18T15:12:41.000,2008-02-01T00:00:00.000,Arrival,International,Charter,622
895,2018-04-18T15:12:41.000,2017-09-01T00:00:00.000,Arrival,Domestic,Scheduled Carriers,2348598
896,2018-04-18T15:12:41.000,2010-01-01T00:00:00.000,Departure,Domestic,Scheduled Carriers,1603070
897,2018-04-18T15:12:41.000,2018-01-01T00:00:00.000,Arrival,Domestic,Charter,1274
898,2018-04-18T15:12:41.000,2010-10-01T00:00:00.000,Departure,Domestic,Charter,1728
899,2018-04-18T15:12:41.000,2017-02-01T00:00:00.000,Arrival,Domestic,Scheduled Carriers,1986250
900,2018-09-26T09:27:08.000,2018-08-01T00:00:00.000,Arrival,Domestic,Scheduled Carriers,2780424
901,2018-04-18T15:12:41.000,2010-10-01T00:00:00.000,Arrival,Domestic,Charter,1349
902,2018-04-18T15:12:41.000,2009-08-01T00:00:00.000,Arrival,Domestic,Scheduled Carriers,1927748
903,2021-01-10T06:01:37.000,2020-12-01T00:00:00.000,Departure,Domestic,Charter,594
904,2018-04-18T15:12:41.000,2010-10-01T00:00:00.000,Departure,Domestic,Commuter,67281
905,2018-04-18T15:12:41.000,2008-07-01T00:00:00.000,Departure,Domestic,Commuter,154924
906,2020-05-04T06:39:48.000,2020-02-01T00:00:00.000,Departure,International,Charter,0
907,2018-04-18T15:12:41.000,2013-10-01T00:00:00.000,Departure,International,Charter,162
908,2018-04-18T15:12:41.000,2017-06-01T00:00:00.000,Departure,Domestic,Scheduled Carriers,2769477
909,2018-04-18T15:12:41.000,2011-08-01T00:00:00.000,Arrival,International,Charter,784
910,2018-04-18T15:12:41.000,2006-10-01T00:00:00.000,Departure,Domestic,Scheduled Carriers,1620376
911,2018-04-18T15:12:41.000,2017-11-01T00:00:00.000,Arrival,International,Charter,53
912,2018-04-18T15:12:41.000,2006-05-01T00:00:00.000,Arrival,International,Scheduled Carriers,708450
913,2018-04-18T15:12:41.000,2008-02-01T00:00:00.000,Arrival,International,Scheduled Carriers,605368
914,2018-04-18T15:12:41.000,2015-03-01T00:00:00.000,Arrival,Domestic,Charter,1386
915,2018-04-18T15:12:41.000,2016-03-01T00:00:00.000,Departure,International,Charter,76
916,2018-04-18T15:12:41.000,2008-07-01T00:00:00.000,Arrival,Domestic,Commuter,156414
917,2018-04-18T15:12:41.000,2011-06-01T00:00:00.000,Arrival,Domestic,Scheduled Carriers,1945901
918,2018-04-18T15:12:41.000,2015-06-01T00:00:00.000,Arrival,Domestic,Charter,269
919,2018-04-18T15:12:41.000,2013-01-01T00:00:00.000,Arrival,International,Commuter,0
920,2018-04-18T15:12:41.000,2012-03-01T00:00:00.000,Arrival,International,Scheduled Carriers,691546
921,2018-04-18T15:12:41.000,2008-02-01T00:00:00.000,Departure,Domestic,Scheduled Carriers,1458427
922,2018-04-18T15:12:41.000,2015-03-01T00:00:00.000,Departure,Domestic,Charter,1235
923,2018-04-18T15:12:41.000,2009-06-01T00:00:00.000,Arrival,International,Charter,869
924,2018-04-18T15:12:41.000,2013-12-01T00:00:00.000,Arrival,Domestic,Charter,4943
925,2018-04-18T15:12:41.000,2011-03-01T00:00:00.000,Arrival,Domestic,Commuter,76450
926,2020-04-29T07:14:24.000,2020-03-01T00:00:00.000,Departure,Domestic,Commuter,78
927,2018-04-18T15:12:41.000,2017-04-01T00:00:00.000,Arrival,Domestic,Scheduled Carriers,2407910
928,2018-04-18T15:12:41.000,2006-05-01T00:00:00.000,Departure,International,Commuter,1634
929,2018-04-18T15:12:41.000,2011-07-01T00:00:00.000,Departure,International,Charter,610
930,2018-04-18T15:12:41.000,2007-02-01T00:00:00.000,Departure,International,Scheduled Carriers,585896
931,2018-10-29T10:20:51.000,2018-09-01T00:00:00.000,Arrival,International,Charter,15
932,2018-04-18T15:12:41.000,2012-10-01T00:00:00.000,Arrival,Domestic,Scheduled Carriers,1849427
933,2018-04-18T15:12:41.000,2012-09-01T00:00:00.000,Departure,International,Scheduled Carriers,699325
934,2018-04-18T15:12:41.000,2009-09-01T00:00:00.000,Departure,International,Scheduled Carriers,608336
935,2018-04-18T15:12:41.000,2014-06-01T00:00:00.000,Departure,Domestic,Commuter,23182
936,2018-04-18T15:12:41.000,2009-05-01T00:00:00.000,Arrival,Domestic,Commuter,143625
937,2018-10-29T10:20:51.000,2017-05-01T00:00:00.000,Arrival,International,Scheduled Carriers,1021193
938,2018-04-18T15:12:41.000,2009-06-01T00:00:00.000,Departure,International,Charter,839
939,2018-04-18T15:12:41.000,2007-02-01T00:00:00.000,Arrival,Domestic,Charter,359
940,2018-04-18T15:12:41.000,2010-04-01T00:00:00.000,Departure,Domestic,Commuter,57014
941,2018-04-18T15:12:41.000,2016-10-01T00:00:00.000,Departure,International,Scheduled Carriers,995580
942,2018-05-23T07:44:39.000,2018-03-01T00:00:00.000,Departure,Domestic,Charter,904
943,2018-04-18T15:12:41.000,2010-09-01T00:00:00.000,Arrival,Domestic,Charter,751
944,2018-08-10T06:01:24.000,2018-06-01T00:00:00.000,Departure,Domestic,Charter,135
945,2018-04-18T15:12:41.000,2010-09-01T00:00:00.000,Arrival,Domestic,Commuter,68887
946,2018-04-18T15:12:41.000,2006-09-01T00:00:00.000,Arrival,International,Charter,35
947,2018-04-18T15:12:41.000,2007-10-01T00:00:00.000,Departure,International,Commuter,4313
948,2018-04-18T15:12:41.000,2006-02-01T00:00:00.000,Departure,International,Commuter,1018
949,2018-04-18T15:12:41.000,2012-01-01T00:00:00.000,Arrival,Domestic,Scheduled Carriers,1685633
950,2018-04-18T15:12:41.000,2014-01-01T00:00:00.000,Arrival,Domestic,Charter,4718
951,2019-11-10T06:01:31.000,2019-09-01T00:00:00.000,Departure,Domestic,Scheduled Carriers,2464224
952,2018-04-18T15:12:41.000,2011-04-01T00:00:00.000,Departure,International,Scheduled Carriers,664242
953,2018-04-18T15:12:41.000,2010-02-01T00:00:00.000,Departure,International,Charter,48
954,2018-10-29T10:20:51.000,2017-12-01T00:00:00.000,Arrival,International,Scheduled Carriers,1001086
955,2018-04-18T15:12:41.000,2010-06-01T00:00:00.000,Departure,Domestic,Commuter,64786
956,2018-04-18T15:12:41.000,2016-09-01T00:00:00.000,Departure,Domestic,Charter,539
957,2018-04-18T15:12:41.000,2008-02-01T00:00:00.000,Arrival,Domestic,Scheduled Carriers,1460617
958,2018-04-18T15:12:41.000,2009-01-01T00:00:00.000,Departure,Domestic,Commuter,124754
959,2018-04-18T15:12:41.000,2008-11-01T00:00:00.000,Departure,Domestic,Scheduled Carriers,1434506
960,2018-04-18T15:12:41.000,2012-04-01T00:00:00.000,Departure,Domestic,Charter,960
961,2019-04-29T13:10:30.000,2019-01-01T00:00:00.000,Departure,International,Scheduled Carriers,1000715
962,2018-08-10T06:01:24.000,2018-06-01T00:00:00.000,Arrival,International,Charter,7
963,2018-04-18T15:12:41.000,2017-10-01T00:00:00.000,Arrival,International,Charter,12
964,2018-04-18T15:12:41.000,2017-04-01T00:00:00.000,Arrival,Domestic,Charter,9
965,2018-04-18T15:12:41.000,2012-04-01T00:00:00.000,Arrival,International,Scheduled Carriers,701836
966,2018-04-18T15:12:41.000,2016-04-01T00:00:00.000,Arrival,International,Scheduled Carriers,883429
967,2018-04-18T15:12:41.000,2008-06-01T00:00:00.000,Arrival,Domestic,Scheduled Carriers,1843269
968,2018-04-18T15:12:41.000,2009-11-01T00:00:00.000,Departure,Domestic,Commuter,41960
969,2018-04-18T15:12:41.000,2009-03-01T00:00:00.000,Arrival,Domestic,Charter,1443
970,2018-04-18T15:12:41.000,2017-08-01T00:00:00.000,Arrival,Domestic,Charter,156
971,2018-04-18T15:12:41.000,2014-09-01T00:00:00.000,Arrival,Domestic,Commuter,196
972,2018-04-18T15:12:41.000,2008-03-01T00:00:00.000,Departure,Domestic,Commuter,150837
973,2018-04-18T15:12:41.000,2007-03-01T00:00:00.000,Arrival,International,Commuter,4348
974,2018-04-18T15:12:41.000,2006-07-01T00:00:00.000,Arrival,International,Commuter,1603
975,2018-04-18T15:12:41.000,2016-04-01T00:00:00.000,Arrival,Domestic,Charter,923
976,2018-04-18T15:12:41.000,2014-11-01T00:00:00.000,Arrival,International,Commuter,0
977,2018-04-18T15:12:41.000,2008-11-01T00:00:00.000,Arrival,Domestic,Charter,630
978,2018-04-18T15:12:41.000,2014-03-01T00:00:00.000,Departure,Domestic,Charter,1686
979,2018-04-18T15:12:41.000,2013-06-01T00:00:00.000,Arrival,International,Scheduled Carriers,793045
980,2019-04-29T13:10:30.000,2019-02-01T00:00:00.000,Arrival,International,Scheduled Carriers,850824
981,2018-04-18T15:12:41.000,2007-05-01T00:00:00.000,Departure,Domestic,Charter,213
982,2018-04-18T15:12:41.000,2014-06-01T00:00:00.000,Arrival,Domestic,Scheduled Carriers,2364152
983,2018-04-18T15:12:41.000,2012-04-01T00:00:00.000,Arrival,International,Charter,309
984,2018-04-18T15:12:41.000,2013-12-01T00:00:00.000,Arrival,International,Commuter,0
985,2018-04-18T15:12:41.000,2013-07-01T00:00:00.000,Arrival,Domestic,Charter,285
986,2018-07-11T14:24:22.000,2018-05-01T00:00:00.000,Departure,International,Charter,8
987,2018-04-18T15:12:41.000,2010-02-01T00:00:00.000,Departure,Domestic,Scheduled Carriers,1374599
988,2018-04-18T15:12:41.000,2010-05-01T00:00:00.000,Departure,International,Scheduled Carriers,673326
989,2018-04-18T15:12:41.000,2008-10-01T00:00:00.000,Departure,Domestic,Commuter,144081
990,2018-04-18T15:12:41.000,2014-09-01T00:00:00.000,Departure,International,Commuter,0
991,2021-01-10T06:01:37.000,2020-12-01T00:00:00.000,Arrival,Domestic,Charter,1486
992,2018-04-18T15:12:41.000,2008-03-01T00:00:00.000,Arrival,International,Charter,591
993,2018-04-18T15:12:41.000,2015-07-01T00:00:00.000,Departure,Domestic,Charter,464
994,2018-04-18T15:12:41.000,2011-10-01T00:00:00.000,Arrival,Domestic,Scheduled Carriers,1714621
995,2018-04-18T15:12:41.000,2013-06-01T00:00:00.000,Departure,International,Charter,347
996,2019-01-30T07:34:09.000,2018-11-01T00:00:00.000,Arrival,Domestic,Charter,270
997,2019-05-28T06:24:45.000,2019-04-01T00:00:00.000,Departure,International,Scheduled Carriers,1028919
998,2018-04-18T15:12:41.000,2014-02-01T00:00:00.000,Arrival,International,Scheduled Carriers,633681
999,2018-04-18T15:12:41.000,2013-08-01T00:00:00.000,Arrival,International,Commuter,0
